0,0,0,0,0,0,0,0,0,0,0,0,0,0,0,0,0,0,0,0,0,0,0,0,0,0,0,0,0,0,0,0,0,0,0,0,0,0,0,0,0,214985.71,0,0,0,0,0,0,0,0,0,0,0,0,0,0,0,0,0,0,0,0,0,0,0,0,0,0,0,0,0,0,0,0,0,0,0,0,0,0,0,0,0,0,0,0,0,0,0,0,0,0,0,0,0,0,0,0,0,0,0,0,0,0,0,0,0,0,0,0,0,0,0,0,0,0,0,0,0,0,0,0,0
0,0,0,0,0,0,0,0,0,0,0,0,0,0,0,0,0,0,0,0,0,0,0,0,0,0,0,0,0,0,0,0,0,0.09,0,0,0,0,0,0,0,4616.47,0,0,0,0,0,0,0,0,0,0,0,0,0,0,0,0,0,0,0,0,0,0,0,0,0,0,0,0,0,0,0,0,0,0,0,0,0,0,0,0,0,0,0,422.72,6908.45,0,0,0,0,0,0,0,0,0,0,0,0,0,0,0,0,0,0,0,0,0,0,0,0,0,0,0,0,0,0,0,0,0,0,0,0
0,0,0,0,0,0,0,0,0,0,0,0,0,0,0,0,0,0,0,0,0,0,0,0,0,0,0,0,0,0,0,0,0,0,0,0,0,0,0,0,0,0,0,0,0,0,0,0,0,0,0,0,0,0,0,0,0,0,0,0,0,0,0,0,0,0,0,0,0,0,0,0,0,0,0,0,0,0,0,0,0,0,0,0,0,0,0,0,0,0,0,0,0,0,0,0,0,0,0,0,0,0,0,0,0,0,0,0,0,0,0,0,0,0,0,0,0,0,0,0,0,0,0
0,0,0,30971.54,0,0,0,0,0,0,14992.17,0,0,0,0,0,0,0,0,0,0,0,0,0,0,0,0,0,0,0,11.32,4783.27,0,320204.71,127031.25,0,0,0,0,147370.89,676.9,723.43,0,0,0,0,0,0,0,0,0,0,0,0,0,0,0,0,0,0,0,0,0,0,0,0,0,0,0,0,0,0,0,0,0,0,0,0,0,0,0,0,0,0,0,0,329.43,0,0,0,0,0,0,0,0,0,0,0,0,0,0,0,0,0,0,0,0,0,0,0,0,0,0,0,26.86,0,0,0,0,0,0,0,0
0,0,0,1139.45,0,0,0,0,0,0,0,0,0,0,0,0,0,0,0,0,0,0,0,0,0,0,0,0,0,0,0,0,0,0,7818.05,0,0,0,0,0,0,0,0,0,0,0,0,0,0,0,0,0,0,0,0,0,0,0,0,0,0,0,0,0,0,0,0,0,0,0,0,0,0,0,0,0,0,0,0,0,0,0,0,0,0,0,0,0,0,0,0,0,0,0,0,0,0,0,0,0,0,0,0,0,0,0,0,0,0,0,0,0,0,0,0,0,0,0,0,0,0,0,0
0,0,0,371.21,0,0,0,0,0,0,0,0,0,0,0,0,0,0,0,0,0,0,0,0,0,0,0,0,0,0,93.46,0,46575.45,0,0,0,0,0,0,0,0,0,0,0,0,0,0,0,0,0,0,0,0,0,0,0,0,0,0,0,0,0,0,0,0,0,0,0,0,0,0,0,0,0,0,0,0,0,0,0,0,0,0,0,0,0,0,0,0,0,0,0,0,0,0,0,0,0,0,0,0,0,0,0,0,0,0,0,0,0,0,0,0,0,0,0,0,0,0,0,0,0,0
0,0,0,5.83,0,0,0,0,0,0,0,0,0,0,0,0,0,0,0,0,0,0,0,0,0,0,0,0,0,0,0,0,0,3314.98,77.61,0,0,0,0,0,0,0,0,0,0,0,0,0,0,0,0,0,0,0,0,0,0,0,0,0,0,0,0,0,0,0,0,0,0,0,0,0,0,0,0,0,0,0,0,0,0,0,0,0,0,0.86,0,0,0,0,0,0,0,0,0,0,0,0,0,0,0,0,0,0,0,0,0,0,0,0,0,0,0,0,0,0,0,0,0,0,0,0,0
0,0,0,114.28,0,0,0,0,0,0,0,0,0,0,0,0,0,0,0,0,0,0,0,0,0,0,0,0,0,0,0,0,0,0,3230.98,0,0,0,0,8571.22,0,0,0,0,0,0,0,0,0,0,0,0,0,0,0,0,0,0,0,0,0,0,0,0,0,0,0,0,0,0,0,0,0,0,0,0,0,0,0,0,0,0,0,0,0,631.82,4347.33,0,0,0,0,0,0,0,0,0,0,0,0,0,0,0,0,0,0,0,0,0,0,0,0,0,0,0,0,0,0,0,0,0,0,0,0
0,0,0,0,0,0,0,0,0,0,0,0,0,0,0,0,0,0,0,0,0,0,0,0,0,0,0,0,0,0,63892.55,0,0,0,0,0,0,0,0,0,0,0,0,0,0,5790.4,0,0,0,0,0,0,0,0,0,0,0,0,0,0,0,0,0,0,0,0,0,0,0,0,0,0,0,0,0,0,0,0,0,0,0,0,0,0,0,90.14,12361.98,0,0,0,0,0,0,0,0,0,0,0,0,0,0,0,0,0,0,0,0,0,0,0,0,0,0,0,0,0,0,0,0,0,0,0,0
0,0,0,0,0,0,0,0,0,0,0,0,0,0,0,0,0,0,0,0,0,0,0,0,0,0,0,0,0,0,13065.69,0,0,0,381.73,0,0,0,0,0,0,30.3,0,0,0,0,0,0,0,0,0,0,0,0,0,0,0,0,0,0,0,0,0,0,0,0,0,0,0,0,0,0,0,0,0,0,0,0,0,0,0,1.99,0,0,0,0,7379.61,0,0,0,0,0,0,0,0,0,0,0,0,0,0,0,0,0,0,0,0,0,0,0,0,0,0,0,0,0,0,0,0,53.21,0,0,0
0,0,0,0,15915.82,0,0,0,0,0,0,0,0,0,0,0,0,0,0,0,0,0,0,0,0,0,0,0,0,0,0,0,0,0,0,0,0,0,0,0,0,2084.25,0,0,0,0,0,0,0,0,0,0,0,0,0,0,0,0,0,0,0,0,0,0,0,0,0,0,0,0,0,0,0,0,0,0,0,0,0,0,0,0,0,0,0,0,37864.32,0,0,0,0,0,0,0,0,0,0,0,0,0,0,0,0,0,0,0,0,0,0,0,0,0,0,0,0,0,0,0,0,0,0,0,0
0,0,0,0,21.29,0,0,0,0,0,0,0,0,0,0,0,0,0,0,0,0,0,0,0,0,0,0,0,0,0,131.26,0,0,0,0,0,0,0,0,0,229.73,0,0,0,0,0,0,0,0,0,0,0,0,0,0,0,0,0,0,0,0,0,0,0,0,0,0,0,0,0,0,0,0,0,0,0,0,0,0,0,0,0,0,0,0,0,0,0,0,0,0,0,0,0,0,0,0,0,0,0,0,0,0,0,0,0,0,0,0,0,0,0,0,0,0,0,0,0,0,0,0,0,0
0,0,0,0,0,0,0,0,0,0,0,0,0,0,0,0,0,0,0,0,0,0,0,0,0,0,0,0,0,0,0,0,0,0,0,0,0,0,0,0,0,0,0,0,0,0,0,0,0,0,0,0,0,0,0,0,0,0,0,0,0,0,0,0,0,0,0,0,0,0,0,0,0,0,0,0,0,0,0,0,0,0,0,0,0,0,5730.78,0,0,0,0,0,0,0,0,0,0,0,0,0,0,0,0,0,0,0,0,0,0,0,0,0,0,0,0,0,0,0,0,0,0,0,0
0,0,0,0,0,0,0,0,0,0,0,0,0,0,0,0,0,0,0,0,0,0,0,0,0,0,0,0,0,0,0,0,0,0,0,0,0,0,0,0,0,0,0,0,0,0,0,0,0,0,0,0,0,0,0,0,0,0,0,0,0,0,0,0,0,0,0,0,0,0,0,0,0,0,0,0,0,0,0,0,0,0,0,0,0,0,22874.61,0,0,0,0,0,0,0,0,0,0,0,0,0,0,0,0,0,0,0,0,0,0,0,0,0,0,0,0,0,0,0,0,0,0,0,0
0,0,0,0,0,0,0,0,0,0,0,0,0,0,0,0,0,0,0,0,0,0,0,0,0,0,0,0,0,0,0,0,0,0,0,0,0,0,0,0,0,0,0,0,0,0,0,0,0,0,0,0,0,0,0,0,0,0,0,0,0,0,0,0,0,0,0,0,0,0,0,0,0,0,0,0,0,0,0,0,0,0,0,0,0,0,5045.81,0,0,0,0,0,0,0,0,0,0,0,0,0,0,0,0,0,0,0,0,0,0,0,0,0,0,0,0,0,0,0,0,0,0,0,0
0,0,0,0,0,0,0,0,0,0,0,0,0,0,0,0,0,0,0,0,0,0,0,0,0,0,0,0,0,0,0,0,0,0,0,0,0,0,0,0,0,0,0,0,0,0,0,0,0,0,0,0,0,0,0,0,0,0,0,0,0,0,0,0,0,0,0,0,0,0,0,0,0,0,0,0,0,0,0,0,0,0,0,0,0,0,17966.27,0,0,0,0,0,0,0,0,0,0,0,0,0,0,0,0,0,0,0,0,0,0,0,0,0,0,0,0,0,0,0,0,0,0,0,0
0,0,0,0,0,0,0,0,0,0,0,0,0,0,0,0,0,0,0,0,0,0,0,0,0,0,0,0,0,0,0,0,0,0,0,0,0,0,0,0,0,0,0,0,0,0,0,0,0,0,0,0,0,0,0,0,0,0,0,0,0,0,0,0,0,0,0,0,0,0,0,0,0,0,0,0,0,0,0,0,0,0,0,0,0,0,55.58,0,0,0,0,0,0,0,0,0,0,0,0,0,0,0,0,0,0,0,0,0,0,0,0,0,0,0,0,0,0,0,0,0,0,0,0
0,0,0,0,0,0,0,0,0,0,0,0,0,0,0,0,0,0,0,0,0,0,0,0,0,0,0,0,27.24,0,4573.37,0,0,0,0,0,0,0,0,0,598.53,3036.52,0,0,332.88,877,0,0,0,0,0,0,0,0,0,0,0,0,0,0,0,0,0,0,0,0,0,0,0,0,0,0,0,0,0,0,0,0,0,0,0,0,0,0,0,7270.31,32773.24,0,0,0,0,0,0,0,0,0,0,0,0,0,0,0,0,0,0,0,0,0,0,0,0,0,0,0,0,0,0,0,0,0,0,0,0
0,0,0,0,0,0,0,0,0,0,0,0,0,0,0,0,0,0,0,0,0,0,0,0,0,0,0,0,0,0,779.63,0,0,0,0,0,0,0,0,0,0,0,0,0,0,0,0,0,0,0,0,0,0,0,0,0,0,0,0,0,0,0,0,0,0,0,0,0,0,0,0,0,0,0,0,0,0,0,0,0,0,0,0,0,0,0,0,0,0,0,0,0,0,0,0,0,0,0,0,0,0,0,0,0,0,0,0,0,0,0,0,0,0,0,0,0,0,0,0,0,0,0,0
0,0,0,0,0,0,0,0,0,0,0,0,0,0,0,0,0,0,0,0,0,0,0,0,0,0,0,0,0,0,26033.63,0,0,0,0,0,0,0,0,0,0,0,0,0,0,0,0,0,0,0,0,0,0,0,0,0,0,0,0,0,0,0,0,0,0,0,0,0,0,0,0,0,0,0,0,0,0,0,0,0,0,0,0,0,0,0,0,0,0,0,0,0,0,0,0,0,0,0,0,0,0,0,0,0,0,0,0,0,0,0,0,0,0,0,0,0,0,0,0,0,0,0,0
0,0,0,0,0,0,0,0,0,0,0,0,0,0,0,0,0,0,0,0,0,0,0,0,0,0,0,0,0,0,522.88,0,0,0,0,0,0,0,6910.77,0,0,0,0,0,0,0,0,0,0,0,0,0,0,0,0,0,0,0,0,0,0,0,0,0,0,0,0,0,0,0,0,0,0,0,0,0,0,0,0,0,0,0,0,0,0,0,524.29,0,0,0,0,0,0,0,0,0,0,0,0,0,0,0,0,0,0,0,0,0,0,0,0,0,0,0,0,0,0,0,0,0,0,0,0
0,0,0,0,0,219.44,0,0,0,0,0,0,0,0,0,0,0,0,0,0,0,0,0,0,0,0,0,0,0,0,44591.39,0,0,796.47,0,1403.15,0,0,20099.4,0,249.32,7709.06,0,0,0,767.73,0,0,0,0,0,0,0,0,0,0,0,0,0,0,0,0,0,0,0,0,0,0,0,0,0,0,0,0,0,0,0,2753.98,0,0,0,0,0,0,0,107.28,30307.47,0,0,0,0,0,0,0,0,0,0,0,0,0,0,0,0,0,0,0,0,47.18,0,0,0,0,0,0,0,0,0,0,0,0,0,0,0
0,0,0,0,0,1938.96,0,0,0,0,0,0,0,0,0,0,0,0,0,0,0,0,0,0,0,0,0,0,0,0,0,21540.88,0,0,0,1719.55,0,0,0,0,0,29109.46,0,0,0,0,0,0,0,0,0,0,0,0,0,0,0,0,0,0,0,0,0,0,0,0,0,0,0,0,0,0,0,0,0,0,0,0,0,0,0,0,0,0,0,0,0,0,0,0,0,0,0,0,0,0,0,0,0,0,0,0,0,0,0,0,0,0,0,0,0,0,0,0,0,0,0,0,0,0,0,0,0
0,0,0,0,0,3840.96,0,0,0,0,0,0,0,0,0,0,0,0,0,0,0,0,0,0,0,0,0,0,0,0,0,4187.43,0,0,0,0,0,0,0,0,0,0,0,0,0,0,0,0,0,0,0,0,0,0,0,0,0,0,0,0,0,0,0,0,0,0,0,0,0,0,0,0,0,0,0,0,0,0,0,0,0,0,0,0,0,0,1156.63,0,0,0,0,0,0,0,0,0,0,0,0,0,0,0,0,0,0,0,0,0,0,0,0,0,0,0,0,0,0,0,0,0,0,0,0
0,0,0,0,0,0,0,0,0,0,0,0,0,0,0,0,0,0,0,0,0,0,0,0,0,0,0,0,0,0,0,160.38,0,0,0,0,0,0,0,0,0,0,0,0,0,0,0,0,0,0,0,0,0,0,0,0,0,0,0,0,0,0,0,0,0,0,0,0,0,0,0,0,0,0,0,0,0,0,0,0,0,0,0,0,0,0,0,0,0,0,0,0,0,0,0,0,0,0,0,0,0,0,0,0,0,0,0,0,0,0,0,0,0,0,0,0,0,0,0,0,0,0,0
0,0,0,0,0,899.8,0,54905.72,0,0,0,0,1419.39,0,0,0,0,0,0,0,0,0,0,0,0,0,0,0,0,0,25.38,537556.15,0,0,0,0,0,0,35603.76,0,2435.91,39268.7,0,0,0,0,0,0,0,0,0,0,794.28,0,0,0,0,0,0,0,0,0,0,0,0,0,0,0,0,0,0,0,0,0,0,0,0,0,0,0,0,0,0,0,0,0,1016.49,0,0,0,0,0,0,0,0,0,0,0,0,0,0,0,0,0,0,0,141.4,0,0,0,0,0,0,0,0,0,0,0,0,0.35,0,0,0
0,0,0,0,0,0,0,0,0,0,0,0,0,0,0,0,0,0,0,0,0,0,0,0,0,0,0,0,0,0,0,0,0,0,0,0,0,0,0,0,0,0,0,0,0,0,0,0,0,0,0,0,0,0,0,0,0,0,0,0,0,0,0,0,0,0,0,0,0,0,0,0,0,0,0,0,0,0,0,0,0,0,0,0,0,0,0,0,0,0,0,0,0,0,0,0,0,0,0,0,0,0,0,0,0,0,0,0,0,0,0,0,0,0,0,0,0,0,0,0,0,0,0
0,0,0,0,0,0,0,0,0,0,0,0,0,0,0,0,0,0,0,0,0,0,0,0,0,0,0,0,0,0,0,0,0,0,0,0,0,0,0,0,0,0,0,0,0,0,0,0,0,0,0,0,0,0,0,0,0,0,0,0,0,0,0,0,0,0,0,0,0,0,0,0,0,0,0,0,0,0,0,0,0,0,0,0,0,0,0,0,0,0,0,0,0,0,0,0,0,0,0,0,0,0,0,0,0,0,0,0,0,0,0,0,0,0,0,0,0,0,0,0,0,0,0
20573.52,0,0,0,84159.78,18093.89,18591.06,0,0,0,0,0,0,0,0,0,0,0,0,0,0,0,0,0,0,0,0,0,0,0,0,0,0,0,0,0,0,0,439.33,0,0,0,0,0,0,0,0,0,0,0.99,0,0,0,0,0,0,0,0,65.36,0,0,0,0,0,0,0,0,0,0,311.99,18,0,0,0,0,0,0,63.8,0,0,0,0,23.96,0,0,490.45,0,1.1,0,0,0.58,0,0,0,0,0,0,0,0,0,0,0,0,0,0,0,17.41,0,0,0,0,0,0,0,0,0,0,0,0,0,0,0,0
0,0,0,0,0,0,0,0,0,0,0,0,0,0,0,0,0,0,0,0,0,0,0,0,0,0,0,0,0,0,0,0,0,0,0,0,0,0,0,0,0,398.64,0,0,0,0,0,0,0,0,0,0,0,0,0,0,0,0,0,0,0,0,0,0,0,0,0,0,0,0,0,0,0,0,0,0,0,0,0,0,0,0,0,0,0,0,0,0,0,0,0,0,0,0,0,0,0,0,0,0,0,0,0,0,0,0,0,0,0,0,0,0,0,0,0,0,0,0,0,0,0,0,0
0,0,0,0,0,0,0,0,0,0,0,0,0,0,0,0,0,0,0,0,0,0,0,0,0,0,0,0,0,0,0,0,0,0,0,0,0,0,0,0,27357.31,0,0,0,0,0,0,0,0,0,0,0,0,0,0,0,0,0,0,0,0,0,0,0,0,0,0,0,0,0,0,0,0,0,0,0,0,0,0,0,0,0,0,0,0,0,0,0,0,0,0,0,0,0,0,0,0,0,0,0,0,0,0,0,0,0,0,0,0,0,0,0,0,0,0,0,0,0,0,0,0,0,0
0,0,0,0,0,0,0,0,0,0,0,0,0,0,0,0,0,0,0,0,0,0,0,0,0,0,0,0,0,0,0,0,0,0,0,0,0,0,0,0,0,658.19,0,0,0,0,0,0,0,0,0,0,0,0,0,0,0,0,0,0,0,0,1432.55,0,0,0,0,0,0,0,0,0,0,0,0,0,0,0,0,0,0,0,0,0,0,0,0,0,0,0,0,0,0,0,0,0,0,0,0,0,0,0,0,0,0,0,0,0,0,0,0,0,0,0,0,0,0,0,0,0,0,0,0
0,0,0,0,0,0,0,0,0,0,0,0,0,0,0,0,0,0,0,0,0,0,0,0,0,0,0,0,0,0,0,0,0,0,0,15.46,0,0,202.98,0,0.05,4557.89,20.26,0,0,2075.41,0,0,0,0,0,0,0,0,0,0,0,0,0,0,0,0,0,0,0,0,0,0,0,0,0,0,0,0,0,0,0,0,0,0,0,0,0,0,0,0,440.22,0,0,0,0,0,0,0,0,0,0,0,0,0,0,0,0,0,0,0,0,0,0,0,0,0,0,0,0,0,0,0,0,0,0,0,0
0,0,0,0,0,0,0,0,0,0,0,0,0,0,0,0,0,0,0,0,0,0,0,0,0,0,0,0,0,0,0,0,0,0,0,0,0,0,0,0,0,0,0,0,0,0,0,155430.27,0,0,0,0,0,0,0,0,0,0,0,0,0,0,0,0,0,0,0,0,0,0,0,0,0,0,0,0,0,0,0,0,0,0,0,0,0,0,0,0,0,0,0,0,0,0,0,0,0,0,0,0,0,0,0,0,0,0,0,0,0,0,0,0,0,0,0,0,0,0,0,0,0,0,0
0,0,0,0,0,0,101608.95,0,0,0,0,0,0,0,0,0,0,0,0,0,0,0,0,0,0,0,0,0,0,0,0,0,0,0,0,0,1964775.49,0,0,0,0,0,0,0,0,0,0,0,0,0,0,0,0,0,0,0,0,0,0,0,0,0,0,0,0,0,0,0,0,0,0,0,0,0,0,0,0,0,0,0,0,0,0,0,0,0,2525.79,0,0,0,0,0,0,0,0,0,0,0,0,0,0,0,0,0,0,0,0,0,0,0,0,0,0,0,0,0,0,0,0,0,0,0,0
0,0,0,0,0,0,0,0,0,0,0,0,0,0,0,0,0,0,0,0,0,0,0,0,0,0,0,0,0,0,0,0,0,0,0,0,0,0,0,0,0,0,0,0,0,0,0,0,269.03,0,0,0,15.92,0,0,0,0,0,0,0,0,0,0,0,0,0,0,0,0,0,0,0,0,0,0,0,0,0,0,0,0,0,0,0,0,0,0,0,0,0,0,0,0,0,0,0,0,0,0,0,0,0,0,0,0,0,0,0,0,0,0,0,0,0,0,0,0,0,0,0,0,0,0
0,0,0,0,0,0,0,0,0,0,0,0,0,0,0,0,0,0,0,0,0,0,0,0,0,0,0,0,0,0,0,0,0,0,0.08,0,0,0,0,0,0,0,0,0,0,0,0,0,0,1131.05,0,0,0,0,0,0,0,0,0,0,0,0,0,0,0,0,0,0,0,336.46,90.19,0,0,0,0,0,85.61,60.24,0,0,0,0,0,0,0,0,0,0,0,0,0,0,0,0,0,0,0,0,0,0,0,0,0,0,0,0,0,0,0,0,0,0,0,0,0,0,0,0,0,0,0,0,0
0,0,0,0,0,0,0,0,0,0,0,0,0,0,0,0,0,0,0,0,0,0,0,0,2284974.4,0,0,0,0,0,0,0,0,0,0,0,0,0,0,0,0,0,0,0,0,0,0,0,0,0,0,0,0,0,0,0,0,0,0,0,0,0,0,0,0,0,0,0,0,0,0,0,0,0,0,0,0,0,0,0,0,0,0,0,0,0,0,0,0,0,0,0,0,0,0,0,0,0,0,0,0,0,0,0,0,0,0,0,0,0,0,0,0,0,0,0,0,0,0,0,0,0,0
0,0,0,0,0,0,0,0,0,0,0,0,0,0,0,0,0,0,0,0,0,0,0,0,0,0,0,0,0,0,0,0,0,0,0,0,0,0,0,0,0,0,0,0,0,0,0,0,0,0,0,0,0,0,0,0,0,0,0,0,0,0,0,0,0,0,0,0,0,0,0,0,0,0,0,0,0,0,0,0,0,0,0,0,0,0,0,0,0,0,0,0,0,0,0,0,0,0,0,0,0,0,0,0,0,0,0,0,0,0,0,0,0,0,0,0,0,0,0,0,0,0,0
0,0,0,0,0,0,0,0,0,0,0,0,0,0,0,0,0,0,0,0,0,0,0,0,0,425249.65,0,0,0,0,0,0,0,0,0,0,0,0,0,0,0,0,0,0,0,0,0,0,0,0,0,0,0,0,0,0,0,0,0,0,0,0,0,0,0,0,0,0,0,0,0,0,0,0,0,0,0,0,0,0,0,0,0,0,0,0,0,0,0,0,0,0,0,0,0,0,0,0,0,0,0,0,0,0,0,0,0,0,0,0,0,0,0,0,0,0,0,0,0,0,0,0,0
0,0,0,0,0,0,0,0,0,0,249397.57,0,0,0,0,0,0,0,0,0,0,0,0,0,0,0,2079368.87,0,0,0,0,0,0,0,0,0,0,0,0,0,0,0,0,0,0,0,0,0,0,0,0,0,0,0,0,0,0,0,0,0,0,0,0,0,0,0,0,0,0,0,0,0,0,0,0,0,0,0,0,0,0,0,0,0,0,0,14958.48,0,0,0,0,0,0,0,0,0,0,0,0,0,0,0,0,0,0,0,0,0,0,0,0,0,0,0,0,0,0,0,0,0,0,3.66,0
0,0,0,0,0,0,0,0,0,0,0,0,0,0,0,0,0,0,0,0,0,0,0,0,0,0,0,2216.09,0,0,0,0,0,0,0,0,0,0,0,0,0,0,0,0,0,0,0,0,0,0,0,0,0,0,0,0,0,0,0,0,0,0,0,0,0,0,0,0,0,0,0,0,0,0,0,0,0,0,0,0,0,0,0,0,0,0,0,0,0,0,0,0,0,0,0,0,0,0,0,0,0,0,0,0,0,0,0,0,0,0,0,0,0,0,0,0,0,0,0,0,0,0,0
0,0,0,0,0,0,0,0,0,0,0,0,0,0,0,0,0,0,0,0,0,0,0,0,0,0,0,0,0,0,0,0,0,0,0,290.58,0,0,449770.78,0,1453.55,0,0,0,0,0,0,0,0,0,0,0,0,0,0,0,0,0,0,0,0,0,0,0,0,0,0,0,0,0,0,0,0,0,0,0,0,0,0,0,0,0,0,0,0,990.28,4157.45,0,0,0,0,0,0,0,0,0,0,0,0,0,0,0,0,0,0,0,0,83.75,0,0,0,0,0,0,0,0,0,0,0,0,0,0,0
0,0,0,0,0,0,0,0,0,0,0,0,0,0,0,0,0,0,0,0,0,0,0,0,0,0,48873.97,0,0,0,783.39,0,0,0,0,42529.39,0,9.04,78.68,0,188.45,0,3909.88,0,0,0,0,0,0,0,0,0,0,0,0,0,0,0,0,0,0,0,0,0,0,0,0,0,0,0,0,0,0,0,0,0,0,0,0,0,0,0,0,0,0,100.62,33168.47,0,0,0,0,0,0,0,0,0,0,0,0,0,0,0,0,0,0,0,0,0,0,0,0,0,0,0,0,0,0,0,0,0,0,0,0
0,0,0,0,0,0,0,0,0,0,0,0,0,0,0,0,0,0,0,0,0,0,0,0,0,0,0,0,0,0,0,0,0,0,0,0,0,0,0,0,0,0,0,0,0,0,0,0,0,0,0,0,0,0,0,0,0,0,0,0,0,0,0,0,0,0,0,0,0,0,0,0,0,0,0,0,0,0,0,0,0,0,0,0,0,19.55,668.38,0,0,0,0,0,0,0,0,0,0,0,0,0,0,0,0,0,0,0,0,0,0,0,0,0,0,0,0,0,0,0,0,0,0,0,0
0,0,0,0,0,0,0,0,0,0,0,0,0,0,0,0,0,0,0,0,0,0,0,0,0,0,0,0,0,0,0,0,0,0,0,0,0,0,0,0,0,0,0,0,0,0,0,0,0,76.29,0,0,0,0,0,0,0,0,0,0,0,0,0,0,0,0,0,0,0,0,0,0,0,0,0,0,0,0,0,0,0,0,0,0,0,0,0,0,0,0,0,0,0,0,0,0,0,0,0,0,0,0,0,0,0,0,0,0,0,0,0,0,0,0,0,0,0,0,0,0,0,0,0
0,0,0,0,0,0,0,0,0,0,0,0,0,0,0,0,0,0,0,0,0,0,0,0,0,0,0,0,0,0,0,0,0,0,0,0,0,0,0,0,0,0,0,0,0,0,0,0,0,0,0,0,0,84208.68,0,0,0,0,0,0,0,0,0,0,0,0,0,0,0,200.44,0,0,0,0,0,0,0,1156.18,0,0,0,23.2,0,0,0,49.71,1566.26,0,0,0,0,0,0,0,0,0,0,0,0,0,0,0,0,0,0,0,180.95,0.17,0,0,0,0,0,0,0,0,0,0,0,7.48,0,0,0
0,0,0,0,0,0,0,0,0,0,0,0,0,0,0,0,0,0,0,0,0,0,0,0,0,0,0,0,0,0,0,0,0,0,0,0,0,0,0,0,0,0,0,0,0,0,0,0,0,0,0,0,0,0,0,622572.83,19548.7,0,0,0,0,0,0,0,0,0,0,2831.77,0,0,0,0,0,0,0,4827.27,463.55,0,0,0,0,245.42,0,0,0,0,0,0,0,0,0,0,0,0,0,0,0,0,0,0,0,0,0,0,0,0,0,0,0,0,0,0,0,0,0,0,0,0,0,0,0,0,0
0,0,0,0,0,0,0,0,0,0,0,0,0,0,0,0,0,0,0,0,0,0,0,0,0,0,0,0,0,0,0,0,0,61208.3,0,84627.57,0,0,0,8326.19,0,0,0,0,0,0,0,0,0,0,0,0,0,0,0,0,0,0,0,0,0,0,0,3032.74,0,0,0,0,0,16836.58,1832.58,0,0,0,0,0,0,0,0,0,0,0,2860.42,0,0,0,2945.32,0,0,0,0,0,0,0,0,0,0,0,0,0,0,0,0,0,0,0,0,0,0,0,0,0,0,0,0,0,0,0,0,0,0,0,0
0,0,0,0,0,0,0,107916.39,0,0,0,0,0,0,0,0,0,0,0,0,0,0,0,0,0,0,0,0,0,0,0,0,0,0,0,0,0,0,0,0,0,0,0,0,0,0,0,0,0,0,0,0,0,0,0,0,45.15,0,0,0,0,0,0,0,0,0,0,0,0,0,0,0,0,0,0,0,0,0,0,0,0,0,0,0,0,0,767.7,0,0,0,0,0,0,0,0,0,0,0,0,0,0,0,0,0,0,0,0,0,0,0,0,0,0,0,0,0,0,0,0,0,0,0,0
0,0,0,0,0,0,0,0,0,0,0,0,0,0,0,0,0,0,0,0,0,0,0,0,0,0,0,0,0,0,0,0,0,0,0,0,0,0,0,0,0,0,0,0,0,0,0,0,0,0,0,0,25.99,0,0,0,0,0,0,0,0,0,0,0,0,0,646.73,0,0,0,0,0,0,0,37.24,688.69,0,0,0,0,0,0,0,0,180.3,0,0,0,0,0,0,0,0,0,0,0,0,0,0,0,0,0,0,0,0,0,0,0,0,0,0,0,0,0,0,0,0,0,0,0,0,0,0
0,0,0,0,0,0,0,0,0,0,0,0,0,0,0,0,0,0,0,0,0,0,0,0,0,0,0,0,0,0,0,0,0,0,0,0,0,0,0,0,5679.2,0,0,0,0,0,0,0,0,0,0,0,0,0,0,0,0,0,0,0,0,0,0,0,0,0,0,0,0,0,0,0,0,0,0,0,0,0,0,0,0,0,0,0,0,0,0,0,0,0,0,0,0,0,0,0,0,0,0,0,0,0,0,0,0,0,0,0,0,0,0,0,0,0,0,0,0,0,0,0,0,0,0
0,0,0,0,0,0,0,0,0,0,0,0,0,0,0,0,0,0,0,0,0,0,0,0,0,0,0,0,0,0,0,0,0,0,0,0,0,0,0,0,0.27,252.58,0,0,0,0,0,0,0,0,0,0,0,467.36,192.57,0,465.25,0,356.09,0,0,0,402.29,785.33,0,329.48,0,6.73,0,0,45.8,0,0,0,0,45.34,521.11,30.88,0,0,0,7466.04,2624.53,0,0,0,537.46,0,0,0,0,0,0,0,0,0,0,0,0,0,2.3,0,0,0,0,0,0,0,0,0,0,0,0,0,10.4,0,0,0,0,0,0,29.86,0
0,0,0,0,0,0,0,0,0,0,0,0,0,0,0,0,21.88,0,0,0,0,0,0,0,0,0,0,0,0,64016.38,0,0,0,0,0,0,0,0,0,0,0,0,0,0,0,0,0,0,0,0,0,0,0,0,0,0,0,0,0,0,0,0,0,0,0,0,0,0,0,0,0,0,0,0,0,0,0,0,0,0,0,0,0,0,0,0,13476.8,0,0,0,0,0,0,0,0,0,0,0,0,0,0,0,0,0,0,0,0,0,0,0,0,0,0,0,0,0,0,0,0,0,0,0,0
0,0,0,0,0,0,0,0,0,0,0,0,0,0,0,0,0,0,14786.14,0,0,0,0,0,0,0,0,0,0,26624.28,0,0,0,0,0,0,0,0,0,0,0,0,0,0,0,0,0,0,0,0,0,0,0,0,0,0,0,0,0,0,0,0,0,0,0,0,0,0,0,0,0,0,0,0,0,0,0,0,0,0,0,0,0,0,0,0,22906.7,0,0,0,0,0,0,0,0,0,0,0,0,0,0,0,0,0,0,0,0,0,0,0,0,0,0,0,0,0,0,0,0,0,0,0,0
0,0,0,0,0,0,0,0,0,0,0,0,0,0,0,0,0,0,0,0,0,0,0,0,0,0,0,0,0,0,0,0,0,0,0,0,0,0,0,0,0,484.45,0,0,0,0,0,0,0,0,0,0,0,0,0,0,0,0,5.15,0,0,0,0,0,0,0,0,0,0,0,0,0,0,0,0,0,0,0,0,0,0,0,0,0,0,14.82,1854.77,0,0,0,0,0,0,0,0,0,0,0,0,0,0,0,0,0,0,0,0,0,0,0,0,0,0,0,0,0,0,0,0,0,0,0,0
0,0,0,0,0,0,0,0,0,0,0,0,0,0,0,0,0,0,0,0,0,0,0,0,0,0,0,0,0,0,0,0,0,0,0,0,0,0,0,0,0,0,0,0,0,0,0,0,0,0,0,0,0,0,0,0,0,0,0,48785.33,0,0,0,0,7.85,0,0,0,0,0,2960.4,0,0,0,0,0,0,0,0,61085.89,0,0,0,0,0,0,0,0,0,0,0,0,0,0,0,0,0,0,0,0,0,0,0,0,0,0,0,0,0,0,0,0,0,0,0,0,0,0,0,0,0,0,0
0,0,0,0,0,0,0,0,0,0,0,0,0,0,0,0,0,0,0,0,0,34935.01,0,0,0,0,0,0,0,0,0,0,0,0,0,0,0,0,0,0,0,0,0,0,0,0,0,0,0,0,0,0,0,0,0,0,0,0,0,0,0,0,0,201.04,0,0,198.61,0,0,173162.63,81833.96,209844.53,6706.55,0,0,237.96,0,268.91,0,167.36,0,619847.89,10968.87,0,0,0,0,1030.76,0,0,0,0,0,0,0,0,0,40803.16,117.73,0,0,0,0,0,0,0,315.9,139.95,0,0,0,0,0,0,1.24,0,241.31,777.44,0,7535.71,3.59,0,0
0,0,0,0,0,0,0,0,0,0,0,0,0,0,0,0,0,0,0,0,0,2445.2,0,0,0,0,0,0,0,0,0,0,0,0,0,0,0,0,0,0,0,0,0,0,0,0,0,0,0,0,0,0,0,0,0,0,0,0,0,0,0,0,0,0,0,0,0,0,0,0,0,0,0,0,160.45,492.15,0,23913.25,0,0,0,1.96,0,0,0,0,0,0,0,0,0,0,0,0,0,0,0,0,0,0,0,0,0,0,0,0,0,0,0,0,0,0,0,0,0,0,0,0,0,1.96,0,0,0
0,0,0,0,0,0,0,17207.61,0,0,0,0,0,0,0,0,0,0,0,0,0,0,0,0,0,0.63,0,0,0.47,613.3,1942.33,0,0,0,265.52,3352.27,0,1.56,375.2,0,1.5,20353.12,21.35,0,0,871.98,27.93,0,0,0,0,0,1443.19,3642.83,0,0,0,0,0,0,0,0,682.3,0,0,0,0,0,0,0,0,0,0,0,0,14.84,0,0,0,0,0,0,0,0,0,4.27,2639.15,0,0,0,0,0,0,0,0,0,0,0,0,0,0,0,0,0,0,0,0,0,0,0,0,0,0,0,0,0,0,0,0,0,0,0,0
0,0,0,0,0,0,0,0,0,0,0,0,0,0,0,0,0,0,0,0,0,0,0,76.35,0,0,0,0,0,0,0,0,0,526.57,0,0,0,0,0,0,0,0,0.72,0,0,0,0,0,0,0,0,0,0,0,0,0,0,0,0,0,198.49,98.41,402.81,2176.98,298.74,0,0,0,0,5843.45,5574.33,68.28,200.39,0,108.97,322,0,130.32,0,20217.96,0,0.42,0,0,0,0,0,0,0,0,0,0,0,0,0,0,0,0,0,0,0,0,0,0,0,0,0.06,0.19,0,0,0,0,0,0,0,0,0,0,0,11.14,0.19,0,0
0,0,0,0,0,0,0,0,0,0,0,0,0,0,0,0,0,0,0,0,0,0,0,0,0,0,0,0,0,0,923.64,0,0,0,273.17,0,0,0,0,0,0,9874.18,0,0,0,0,0,0,0,0,0,0,0,0,0,0,0,0,0,0,0,0,0,0,0,0,0,0,0,0,0,0,0,0,0,0,0,0,0,0,0,0,0,0,0,20683.8,729268.47,0,0,0,0,0,0,0,0,0,0,0,0,0,0,0,0,0,0,0,0,0,0,0,0,0,0,0,0,0,0,0,0,0,0,0,0
0,0,0,0,0,0,0,0,0,0,0,0,0,0,0,0,0,0,0,0,0,0,0,0,0,0,0,0,99096.58,0,0,0,0,0,0,0,0,0,0,0,0,0,0,0,0,0,0,0,0,0,0,0,0,0,0,0,0,0,0,0,0,0,0,0,0,0,0,0,0,0,0,0,0,0,0,0,0,0,0,0,0,0,0,0,0,1032.41,15241.36,0,0,0,0,0,0,0,0,0,0,0,0,0,0,0,0,0,0,0,0,0,0,0,0,0,0,0,0,0,0,0,0,0,0,0,0
0,0,0,0,0,0,0,0,0,0,0,0,0,0,0,0,0,0,0,0,0,0,0,0,0,0,0,0,5295.53,0,544.97,0,0,0,129.28,0,0,0,0,0,0,18037.38,0,0,0,0,0,0,0,0,0,0,0,0,0,0,0,0,0,0,0,0,0,0,0,0,0,0,0,0,0,0,0,0,0,0,0,0,0,0,0,0,0,0,0,2573.5,832715.21,0,0,0,0,0,0,0,0,0,0,0,0,0,0,0,0,0,0,0,0,0,0,0,0,0,0,0,0,0,0,0,0,0,0,0,0
0,0,0,0,0,0,0,0,0,0,0,0,0,0,0,0,0,0,0,0,0,0,0,0,0,0,0,0,0,0,49.36,0,0,0,0,0,0,0,0,0,0,6666.53,0,0,0,0,0,0,0,0,0,0,0,0,0,0,0,0,0,0,0,0,0,0,0,0,0,0,0,0,0,0,0,0,0,0,0,0,0,0,0,0,0,0,0,1879.21,465241.2,0,0,0,0,0,0,0,0,0,0,0,0,0,0,0,0,0,0,0,0,0,0,0,0,0,0,0,507.8,0,0,0,0,0,0,0,0
0,0,0,0,0,0,0,0,0,0,0,0,0,0,0,0,0,0,0,0,0,0,0,0,0,0,0,0,0,0,0,0,0,0,0,0,0,0,0,0,0,0,0,0,0,0,0,0,0,0,0,0,0,0,0,0,0,0,0,0,0,0,0,0,0,0,0,0,0,0,0,0,0,0,0,0,0,0,0,0,0,0,0,0,0,333.11,3349.79,0,0,0,0,0,0,0,0,0,0,0,0,0,0,0,0,0,0,0,0,0,0,0,0,0,0,0,0,0,0,0,0,0,0,0,0
0,0,0,0,0,0,0,0,0,0,0,0,0,0,0,0,0,0,0,0,0,0,0,0,0,0,0,0,0,0,0,0,0,0,0,0,0,0,0,0,0,185.3,0,0,0,0,0,0,0,0,0,0,0,0,0,0,0,0,0,0,0,0,0,0,0,0,0,0,0,0,0,0,0,0,0,0,0,0,0,0,0,0,0,0,0,763.24,1.37,0,0,0,0,0,0,0,0,0,0,0,0,0,0,0,0,0,0,0,0,0,0,0,0,0,0,0,0,0,0,0,0,0,0,0,0
0,0,0,0,0,0,0,0,0,0,0,0,0,0,0,0,0,0,0,0,0,0,0,0,0,0,0,0,0,0,0,0,0,0,497.8,0,0,0,0,0,0,983.71,0,0,0,0,0,0,0,0,0,0,0,0,0,0,0,0,0,0,0,0,0,0,0,0,0,0,0,0,0,0,0,0,0,0,0,0,0,0,0,0,2552.6,0,0,50.96,4.44,0,0,0,0,0,0,0,0,0,0,0,0,0,0,0,0,0,0,0,0,0,0,0,0,0,0,0,0,0,0,0,0,0,0,0,0
0,0,0,0,0,0,0,0,0,0,0,0,0,0,0,0,0,0,0,0,0,0,0,0,0,0,0,0,0,0,22710.9,0,0,0,0,0,0,0,0,0,0,46106.95,0,0,0,0,0,0,0,0,0,0,0,0,0,0,0,0,0,0,0,0,0,0,0,0,0,0,0,0,0,0,0,0,0,0,0,0,0,0,0,0,0,0,0,862.36,4299.4,0,0,0,0,0,0,0,0,0,0,0,0,0,0,0,0,0,0,0,0,0,0,0,0,0,0,0,17.97,0,0,0,0,0,0,0,0
0,0,0,0,0,0,0,0,0,0,0,0,0,0,0,0,0,0,0,0,0,0,0,0,0,0,0,0,0,0,6023.42,0,0,0,0,0,0,0,0,0,0,281.12,0,1439.2,0,30804.16,0,0,0,0,0,0,0,0,0,0,0,0,0,0,0,0,0,0,0,0,0,0,0,0,0,0,0,0,0,0,0,0,0,0,0,0,0,0,0,3218.48,46271.32,0,0,0,0,0,0,0,0,0,0,0,0,0,0,0,0,0,0,0,0,0,0,0,0,0,0,0,0,0,0,0,0,0,0,0,0
0,0,0,0,0,0,0,0,0,0,0,0,0,0,0,0,0,0,0,0,0,0,0,0,0,0,0,0,0,0,0,0,0,0,0,1514.17,0,0,0,0,0,0,0,0,0,7171.48,0,0,0,0,0,0,0,0,0,0,0,0,0,0,0,0,0,0,0,0,0,0,0,0,0,0,0,0,0,0,0,0,0,0,0,0,0,0,0,124.42,971.5,0,0,0,0,0,0,0,0,0,0,0,0,0,0,0,0,0,0,0,0,0,0,0,0,0,0,0,0,0,0,0,0,0,0,0,0
0,0,0,0,0,0,0,0,0,0,0,0,0,0,0,0,0,0,0,0,0,0,0,0,0,0,0,0,0,0,89.73,0,0,-0.02,0,1349.21,0,0,3040.77,0,3080.86,70022.43,0,0,0,14049.28,0,0,0,0,0,0,0,0,0,0,0,0,0,0,0,0,0,0,0,0,0,0,0,0,0,0,0,0,0,0,0,0,0,0,0,0,0,0,0,182.59,256.01,0,0,0,0,0,0,0,0,0,0,0,0,0,0,0,0,0,0,0,0,0,0,0,0,0,0,0,485.33,0,0,0,0,0,0,0,0
0,0,0,0,0,0,0,0,0,0,0,0,0,0,0,0,0,0,0,0,0,0,0,0,0,0,0,0,0,0,0,0,0,0,0,3878.33,0,0,2260.27,0,1.43,0,0,0,0,0,0,0,0,0,0,0,0,0,0,0,0,0,0,0,0,0,0,0,0,0,0,0,0,0,0,0,0,0,0,0,0,0,0,0,0,0,0,0,0,1236.81,464.58,0,0,0,0,0,0,0,0,0,0,0,0,0,0,0,0,0,0,0,0,0,0,0,0,0,0,0,0,0,0,0,0,0,0,0,0
0,0,0,0,0,0,0,0,0,0,0,0,0,0,0,0,0,0,0,0,0,0,0,0,0,0,0,0,0,0,7212.84,119073.15,0,0,0,5111.58,0,23208.79,0,0,36.99,50440.91,0,0,0,1226.42,0,0,0,0,0,0,0,0,0,0,0,0,0,0,4862.84,752.93,0,7737.84,547.78,0,0,0,0,0,0,0,0,0,0,0,0,0,0,0,0,0,0,0,0,996.26,18514.84,0,0,0,0,0,0,0,0,0,0,0,0,0,0,0,0,0,0,0,0,0,0,0,0,0,0,0,14.15,0,0,28.61,0,0,0,0,0
0,0,0,0,0,0,0,0,0,0,0,0,0,0,0,0,0,0,0,0,0,0,0,0,0,0,0,0,229.55,0,121.86,0,0,0,0,206347.82,0,0,1378.59,0,11294.89,16918.6,0,0,0,941.94,0,0,0,0,0,0,0,0,0,0,0,0,0,0,0,0,0,0,0,0,0,0,0,0,0,0,0,0,0,0,0,0,0,0,0,0,0,0,0,0,921,0,0,0,0,0,0,0,0,0,0,0,0,0,0,0,0,0,0,0,0,0,0,0,0,0,0,0,0,0,0,0,0,0,0,0,0
0,0,0,0,0,0,0,0,0,0,0,0,0,0,0,0,0,0,0,0,0,0,0,0,0,0,0,0,110.21,0,0,241.25,0,-0.1,0,5208.51,0,0,112.3,0,128.43,5043.75,0,0,0,401.73,0,0,0,0,0,0,0,0,0,0,0,0,0,0,0,0,0,0,0,0,0,0,0,0,0,0,0,0,0,0,0,0,0,0,0,0,0,0,0,123.75,707.57,0,0,0,0,0,0,0,0,0,0,0,0,0,0,0,0,0,0,0,0,0,0,0,0,0,0,0,0,0,0,0,0,0,0,0,0
0,0,0,0,0,0,0,0,0,0,0,0,0,0,0,0,0,0,0,0,0,0,0,0,0,0,0,0,0,0,2017.09,13528.76,0,0,30002.92,9344.32,0,0,246.45,0,79.43,4458.89,0,0,0,0,0,0,0,0,0,0,0,0,0,0,0,0,0,0,0,0,0,11199.99,0,0,30.16,0,0,0,0,0,0,0,0,0,0,0,0,0,0,0,0,0,0,0,19155.48,0,0,0,0,0,0,0,0,0,0,0,0,0,0,0,0,0,0,0,0,0,0,0,0,0,0,0,0,0,0,0,0,0,0,0,0
0,0,0,0,0,0,0,0,0,0,0,0,0,0,0,0,0,0,0,0,0,0,0,0,0,0,0,0,0,0,0,0,0,4070.2,0,0,0,0,0,0,1.2,9741.71,0,0,0,0,0,0,0,0,0,0,0,0,0,0,0,0,0,0,0,0,0,0,0,0,0,0,0,0,0,0,0,0,0,0,0,0,0,0,0,0,0,0,0,199.91,36517.37,0,0,0,0,0,0,0,0,0,0,0,0,0,0,0,0,0,0,0,0,0,0,0,0,0,0,0,0,0,0,0,0,0,0,0,0
0,0,0,0,0,0,0,0,0,0,0,0,0,0,0,0,0,0,0,0,0,0,0,0,0,0,0,0,1884.35,0,3595.14,0,0,0,0,1270300.71,0,134451.39,447.57,0,1128.44,9357.85,0,0,0,0,0,0,0,0,0,0,0,0,0,0,0,454.94,0,0,0,0,0,0,0,0,0,0,0,0,0,0,0,0,0,0,0,0,0,0,0,0,0,0,0,0,9502.08,0,0,0,0,0,0,0,0,0,0,0,0,0,0,0,0,0,0,0,0,0,0,0,0,0,0,0,0,0,0,0,0,0,0,0,0
0,0,0,0,0,0,0,0,0,0,0,0,0,0,0,0,0,0,0,0,0,0,0,0,0,0,0,0,0,0,551.51,0,0,282824.78,16393.56,40667.02,0,0,0,0,0,37667.84,0,0,21806.75,5178.68,0,0,0,0,0,0,0,0,0,0,0,0,0,0,0,0,0,0,0,0,0,0,0,0,0,0,0,0,0,0,0,0,0,0,0,0,0,0,0,290.28,2672.85,0,0,0,0,0,0,0,0,0,0,0,0,0,0,0,0,0,0,0,0,0,0,0,0,0,0,0,0,0,0,0,0,0,0,0,0
0,0,0,0,0,0,0,0,801.67,107047.87,853657.51,24848.25,2193.02,0,0,0,31.79,0,31902.74,0,0,0,0,0,0,0,65801.64,0,0,0,0,0,0,0,846.76,0,0,0,0,0,0,0,39.38,0,0,0,0,0,0,0,0,0,0,0,0,0,87.01,0,57.44,0,0,0,0,0,0,0,0,0,0,0,0,0,0,0,0,0,0,0,0,0,0,41.11,142.28,0,0,166.98,0,0,0,0,28.31,23.84,0,0,0,0,0,0,0,0.19,0,0,0,0,45.51,0,1320.19,12.03,17.94,0,71.58,0,0,0,0,0,753.71,0,0,1279.29,0,85.61,0
0,0,0,0,0,0,0,0,0,0,0,0,0,0,0,0,0,0,0,0,0,0,0,0,0,0,0,0,0,0,0,0,0,0,0,0,0,0,0,0,0,0,0,0,0,0,0,0,0,0,0,0,0,0,0,0,0,0,0,0,0,0,0,0,0,0,0,0,0,0,0,0,0,0,0,0,0,0,0,0,0,0,0,0,0,23523.38,755331.15,0,0,0,0,0,0,0,0,0,0,0,0,0,0,0,0,0,0,0,0,0,0,0,0,0,0,0,329.74,0,0,0,0,0,0,0,0
0,0,0,0,0,0,0,0,0,0,0,0,0,0,0,0,0,0,0,0,0,0,0,0,0,0,0,0,0,0,0,0,0,0,3.7,1579.31,0,0,2288.35,0,857.35,495.94,0,0,0,0,0,0,0,0,0,0,0,0,0,0,0,0,0,0,0,0,0,0,0,0,0,0,0,0,0,0,0,0,0,11.51,0,0,0,0,0,0,0,0,0,147.96,491.4,0,0,0,0,0,0,0,0,0,0,0,0,0,0,0,0,0,0,0,0,0,0,0,0,0,0,0,0,0,0,0,0,0,0,0,0
0,0,0,0,0,0,0,0,0,0,0,0,0,0,0,0,0,0,0,0,0,0,0,0,0,0,0,0,0,0,212.25,0,0,0,0,40978.57,0,0,0,0,27569.74,0,531.87,0,0,0,0,0,0,0,0,0,0,0,0,0,0,0,0,0,0,0,0,0,0,0,0,0,0,0,0,0,0,0,0,0,0,0,0,0,0,0,0,0,0,0,0,0,0,0,0,0,0,0,0,0,0,0,0,0,0,0,0,0,0,0,0,0,0,0,0,0,0,0,0,0,0,0,0,0,0,0,0
0,0,0,0,0,0,0,0,0,0,0,0,0,0,0,0,0,0,0,0,0,0,0,0,0,0,0,0,0,0,21082.11,0,0,3.73,0,181058.2,0,28.74,5826.16,0,82613.14,77139.03,913.58,262.89,0,30944.95,145903.32,0,0,0,0,0,0,0,0,0,0,0,0,0,0,0,0,0,0,0,0,0,0,0,0,0,0,0,0,0,0,0,0,0,0,0,0,0,0,161.93,12353.74,0,0,0,0,0,0,0,0,0,0,0,0,0,0,0,0,0,0,0,0,0,0,0,0,0,0,0,0,0,0,0,0,0,0,0,0
0,0,0,0,0,0,0,59452.38,0,0,0,0,0,0,0,0,0,0,0,0,0,0,0,0,0,0,0,0,0,0,0,0,0,0,2833.99,0,0,0,0,0,0,0,64073.26,0,0,0,0,0,0,0,0,0,0,0,0,0,0,0,0,0,0,0,0,0,0,0,0,0,0,0,0,0,0,0,0,0,0,0,0,0,0,0,0,0,0,0,0,0,0,0,0,0,0,0,0,0,0,0,0,0,0,0,0,0,0,0,0,0,0,0,0,0,0,0,0,0,0,0,0,0,0,0,0
0,0,0,0,0,0,0,0,0,0,0,0,0,0,0,0,0,0,0,0,0,0,0,0,0,0,0,0,0,0,0,0,0,0,0,0,0,0,0,0,311.67,0,0,0,0,0,0,0,0,0,0,0,0,0,0,0,0,0,0,0,0,0,0,0,0,0,0,0,0,0,0,0,0,0,0,0,0,0,0,0,0,0,0,0,0,0,0,0,0,0,0,0,0,0,0,0,0,0,0,0,0,0,0,0,0,0,0,0,0,0,0,0,0,0,0,0,0,0,0,0,0,0,0
0,0,0,0,0,0,0,0,0,0,0,0,0,0,0,0,0,0,0,0,0,0,0,0,0,0,0,0,0,0,3970.86,0,0,0,0,0,0,0,0,0,0,26444.58,0,0,0,0,0,0,0,0,0,0,0,0,0,0,0,0,0,0,0,0,0,0,0,0,0,0,0,0,0,0,0,0,0,0,0,0,0,0,0,0,0,0,0,158.07,5466.46,0,0,0,0,0,0,0,0,0,0,0,0,0,0,0,0,0,0,0,0,0,0,0,0,0,0,0,0,0,0,0,0,0,0,0,0
0,0,0,0,0,0,0,0,0,0,0,0,0,0,0,0,0,0,0,0,0,0,0,0,0,0,0,0,0,0,1062.43,0,0,0,0,1015.86,0,0,2702.87,0,3.04,1281.86,0,0,0,0,0,0,0,0,0,0,0,0,0,0,0,0,0,0,0,0,0,0,0,0,0,0,0,0,0,0,0,0,0,0,0,0,0,0,0,0,0,0,0,42.04,6999.62,0,0,0,0,0,0,0,0,0,0,0,0,0,0,0,0,0,0,0,0,0,0,0,0,0,0,0,0,0,0,0,0,0,0,0,0
0,0,0,0,0,0,0,0,0,0,0,0,0,0,0,0,0,0,0,0,0,0,0,0,0,0,0,0,0,0,551.24,0,0,0,0,7592.89,0,0,497045.31,0,0,9156.69,0,0,0,0,0,0,0,0,0,0,189.65,0,0,0,0,0,0,0,0,0,0,0,0,0,0,0,0,0,0,0,0,0,0,0,0,0,0,0,0,0,0,0,0,6029.32,39773.8,0,0,0,0,0,0,0,0,0,0,0,0,0,0,0,0,0,0,0,0,0,0,0,0,0,0,0,307.25,0,0,0,0,0,0,0,0
0,0,0,0,0,0,0,0,0,0,0,0,0,0,0,0,0,0,0,0,0,0,0,0,0,0,0,0,0,0,434.96,0,0,0,0,10705.53,0,0,253.87,0,11575.25,7035.94,0,0,16050.06,2903.11,0,0,0,0,0,0,0,0,0,0,0,0,0,0,0,0,0,10253.7,0,0,0,0,0,0,0,0,0,0,0,0,0,0,0,0,0,0,0,0,0,24.1,1785.27,0,0,0,0,0,0,0,0,0,0,0,0,0,0,0,0,0,0,0,0,0,0,0,0,0,0,0,0,0,0,0,0,0,0,0,0
0,0,0,0,0,0,0,0,0,0,0,0,0,0,0,0,0,0,0,0,0,0,0,0,0,0,0,0,0,0,0,0,0,346.4,0,4840.49,0,0,5572.6,0,10937.67,3572.68,0,0,0,0,0,0,0,0,0,0,172.72,0,0,0,0,0,0,0,0,0,0,0,0,0,0,0,0,0,0,0,0,0,0,0,0,0,0,0,0,0,0,0,0,176.12,10274.17,0,0,0,0,0,0,0,0,0,0,0,0,0,0,0,0,0,0,0,0,0,0,0,0,0,0,0,0,0,0,0,0,0,0,0,0
0,0,0,0,0,0,0,0,0,0,0,34.25,0,0,0,1745.81,0,68.58,0,20.33,0,0,0,0,0,0,0,0,3519.49,0,6321.1,0,0,1631.38,0.09,142421.83,0,67775.34,595.77,0,9891.83,177401.39,2.72,492.82,8808.04,34682.06,152139.16,0,0,0,0,0,0,52.2,0,0,0,0,0,0,0,0,0,8911.05,700.76,0,0,0,0,233.1,329.21,0,0,0,0,122.87,0,13.04,0,0,0,53.22,17.79,22.81,0,15244.45,228431.53,0,0,554.47,54.84,6916.81,0,0,0,51.45,0,0,0,25.91,0,0,0,0,0,31.91,820.16,3579.88,7058.76,12601.21,923.32,0,0,48.97,0,0,0,461.3,0,361,0,0,0
0,0,0,0,0,0,0,0,0,0,0,0,0,0,0,0,0,0,0,0,0,0,0,0,0,0,0,0,0,0,0,0,0,0,0,0,0,0,0,0,0,0,86076.06,1514.84,0,0,0,0,0,0,0,0,0,0,0,0,0,0,0,0,0,0,317.91,0,560.37,0,0,0,0,0,0,0,0,0,0,0,0,0,0,0,0,0,0,0,0,4708.43,26798.43,0,0,0,0,0,0,0,0,0,0,0,0,0,0,0,0,0,0,0,0,0,0,25.68,0,0,0,0,0,0,0,0,0,0,0,0,0
0,0,0,0,0,0,0,0,0,0,0,0,0,0,0,0,0,0,0,0,0,0,0,0,0,0,0,0,0,0,0,0,0,0,0,0,0,0,0,0,0,0,0,0,0,0,0,0,0,0,0,0,0,0,0,0,0,0,0,0,0,0,0,0,0,0,0,0,0,0,0,0,0,0,0,0,0,0,0,0,0,0,0,0,0,6595.1,85786.19,0,0,0,0,0,0,0,0,0,0,0,0,0,0,0,0,0,0,0,0,0,0,0,0,0,0,0,0,0,0,0,0,0,0,0,0
0,0,0,0,0,0,0,0,0,0,0,0,0,0,0,0,0,0,0,0,0,0,0,0,0,0,0,0,0,0,0,0,0,0,0,0,0,0,0,0,0,7.04,0,0,0,0,0,0,0,0,0,0,0,0,0,0,0,0,0,0,0,0,0,0,0,0,0,0,0,0,0,0,0,0,0,0,0,0,0,0,0,0,5105.19,0,0,8825.02,16918.19,0,0,0,0,0,0,0,0,0,0,0,0,0,0,0,0,0,0,0,0,0,0,0,0,0,0,0,0,0,0,553.92,0,0,0,0,0
0,0,0,0,0,0,0,0,0,0,0,0,0,0,0,0,0,0,0,0,0,0,0,0,0,0,0.11,0,0,0,983.44,0,0,3.13,0.34,154.88,0,0,13373.96,0,4.25,37.68,0,0,0,20.01,0.03,0,21.43,25.48,36.01,0,388.4,0.15,0.63,0,5.59,9.05,0,0,0.66,5.3,378.11,16.91,0,0,1.86,3.6,0,0,0,0,0,0,0,12.99,1.92,15.05,0,0,0,0,23171.56,0,0,3863.55,331667.4,876.08,0,25.7,204.92,320.61,411.22,3568.26,0,0,0,0,0,0,0,0,0,0,14.19,0,2.8,0,468.46,0,0,0,0,0,1453.94,0,0,0,0,0,0,0,0
0,0,0,0,0,0,0,0,0,0,0,0,0,0,0,0,0,0,0,0,0,0,0,0,0,0,0,0,0,0,0,0,0,0,0,0,0,0,0,0,0,0,0,0,0,0,0,0,0,0,0,0,0,0,0,0,0,0,0,0,0,0,0,0,0,0,0,0,0,0,0,0,0,0,0,0,0,0,0,0,0,0,0,0,0,0,0,0,0,0,0,0,0,0,0,0,0,0,0,0,0,0,0,0,0,0,0,0,0,0,0,0,0,0,0,0,0,0,0,0,0,0,0
0,0,0,0,0,0,0,0,0,0,0,0,0,0,0,0,0,0,0,0,0,0,0,0,0,0,0,0,0,0,0,0,0,8.53,24.32,0,145.88,0,0,0,0,0,0,0,0,0,0,0,81797.76,110455.19,118189.98,288631.43,774499.04,8194.11,14807.72,0,369.51,324.29,1.99,0,0,0,0,0,15.98,0,0,6945.71,0,0,0,0,0,0,0,3381.35,146.05,1120.28,0,4.41,0,482.48,46.9,108.33,113.68,273.04,0,0.21,0,0,0,0,0,0,0,0,0,0,85.63,0,0,0,0,0,0,0,45.85,1376.39,18.55,53.47,0,0,0,0,33.95,0,7.96,0,0,2625.84,138.56,202.33,0
0,0,0,0,0,0,0,0,0,0,0,0,49.51,0,0,0,0,0,0,0,0,0,0,0,0,0,0,0,0,0,0,0,0,9612.83,1081.72,91.24,0,0,0,0,0,0,0,102.79,0,0,0,0,1044.87,27550.21,18873.21,251038.58,192345.95,337.07,10304.54,0,30.69,0,82.02,0,0,0,1.04,3.5,0,0,0,157.93,963.54,0,0,0,4.29,0,253.26,9439.49,55388.83,810.1,0,36.29,0,72.95,139178.55,187.79,44.63,2957.05,0,237.53,0,465.53,0,0,0,0,52.81,0,0,0,0,0,0,0,0,5112.95,6952.47,61.03,174.05,1161.42,219.45,0,0,0,0,0,12.88,0,73.71,23.23,0,2171,4.42,0,0
0,0,0,0,0,0,0,0,0,0,2149.27,0,412.23,0,0,0,0,0,0,0,2048.91,0,0,0,0,0,1139.65,0,0,51.1,2930.58,5915.26,0,415.67,33.34,583.79,0,0,218.05,0,8.13,10733.89,597.93,0,0,75.59,310.31,98.91,0,16609.72,134618.16,8845.56,1832717.6,1752.3,2223.27,43.15,269.73,52.52,6466.93,9.21,853.05,0,1337.17,727.28,191.05,56.77,0,734.89,0,0,0,201.16,13.17,238.77,207.14,668.53,211.51,81790.82,0,19402.18,365.55,1404.38,12390.67,236.78,5763.36,1041.54,172411.34,1551.14,0,0,25.42,442.81,314.41,1.41,826.69,68.25,89.84,0,874.85,10.52,0,798.37,0,1145.35,30.28,4834.55,19342.39,1364.85,7190.22,12191.61,878.68,0,0,0,134.18,13.87,6315.03,807.33,0,32468.64,199.23,18.4,0
0,0,0,0,0,0,0,0,0,0,0,0,0,0,0,0,0,0,0,0,0,0,0,0,0,0,0,0,0,0,0,0,0,0,0,0,0,0,0,0,0,0,0,0,0,0,0,0,0,0,0,18660.19,41175.31,18013.52,214452.34,0,0,0,0,0,0,0,0,0,0,0,0,0,0,0,0,0,0,0,0,642.12,0,0,0,0.12,0,0,11617.93,0,6324.3,0,0,0,0,0,0,0,0,0,0,0,0,0,0,0,0,0,0,0,0,0,0,0,0,0,0,0,0,0,0,0,0,0,0,0.93,0,0,0
0,0,0,0,0,0,0,0,0,0,0,0,0,0,0,0,0,0,0,0,0,0,0,0,0,0,0,0,0,0,0,0,0,0,0,0,0,0,0,0,0,0,0,0,0,0,0,0,0,0,0,116.26,0,1040.19,66.41,0,1.31,0,0,0,0,0,0,0,0,0,0,0,0,0,0,0,0,0,0,0,0,1.94,0,61.03,0,18.88,0,0,0,0,0,0,0,0,0,0,0,0,0,0,0,0,0,0,0,0,0,0,0,0,8.52,32.12,0,0,0,0,0,0,0,0,9.43,0,0,119.7,4.72,0,0
0,0,0,0,0,0,0,0,0,28.58,0,0,0,0,0,0,0,0,0,0,1.85,0,0,0,0,0,0,0,0,0,0,0,0,0,0,0,0,0,0,0,0,0,0,0,0,0,0,0,0,0,0,0,284.6,0,70745.27,0,0,0,0,0.52,0,0,0,0,0,0,0,0,0,0,0,0,0,0,0,286.92,0,0,0,0,0,0,7524.49,0,0,0,0,113.07,0,0,0,0,0,0,0,0,0,0,0,0,0,0,0,0,0,0,0,0,0,0,0,0,0,0,0,0,0,0,0,0,0,0,0
0,0,0,0,0,0,0,0,0,0,0,0,0,0,0,0,0,0,0,0,0,0,13048.52,551.95,0,0,0,0,0,0,0,0,0,0,0,0,0,0,0,0,0,0,0,0,0,0,0,0,2099.09,2953.69,0,0,0,0,0,14149.01,95717.12,0,0,0,0,0,0,0,0,0,0,0,0,0,81.06,0,79.27,0,326.13,1095.53,889100.84,5026.84,0,0,0,189452.43,1316.05,0,0,0,0,0,0,0,0,0,0,0,0,0,0,18465.8,0,0,0,0,0,0,0,0,0,0,0,0,0,0,0,0,0,0,0,845.7,0,0,0,0,0
0,0,0,0,0,0,0,0,0,0,0,0,138.88,0,0,0,0,0,0,0,0,0,0,0,0,0,0,0,0,0,0,0,0,-0.18,24.65,0,0,0,328.31,0,0,2110.36,0,0,0,0,0,0,478,0,0.7,705.55,810.79,0,0,206.46,26234.98,0,0,0,0,0,0,0,269.38,0,0,0,0,0,0,700.07,0,0,2244.38,630.8,39201.1,50123.49,0,529.19,0,412407.4,0,0,0,0,0,0.81,0,0,0,0,0,0,104.62,0,0,0,0,0,0,0,0,0,0,0,684.62,604.31,0,0,0,0,0,0,0,0,207.67,17934.63,0,3392.61,38.8,0,0
0,0,0,0,0,0,0,0,0,0,0,0,0,0,0,0,0,0,0,0,0,0,0,0,0,0,0,0,0,0,0,0,0,0,0,0,0,0,0,0,0,0,9004.2,0,0,0,0,0,0,0,0,0,0,0,0,0,0,0,0,0,0,0,0,0,0,0,0,0,0,0,0,0,0,0,0,0,0,0,0,74.89,0,39.93,817.36,0,0,0,0,0,0,0,0,0,0,0,0,0,0,0,11.14,0,0,0,0,0,0,0,0,0,0,0,0,0,0,0,0,0,0,0,0,0,0.37,0,0
292.6,196.16,22.5,115.07,72.32,38.44,100.32,505.51,0,55.9,1892.58,0,0,5.72,7.44,12.71,0,1.3,2333.83,0.37,0,377.57,23.17,9.33,391.9,0,116.75,0,15.05,8.43,1208.29,121.27,0,160.96,150.29,1642.13,2.12,4.44,136.95,0,215.65,17200.12,259.51,86.17,0,1430.15,15.52,207.69,1007.43,311.11,3324.53,1121.14,18523.01,220.31,181.7,32.77,1365.19,71426.66,45699.79,0,665.05,204.26,349.84,2859.35,495.58,1.5,79.65,6178.25,33.46,33.05,153.14,75.19,19.96,22.88,1858.75,1227.95,124.5,20265.86,15.61,572.4,118.88,228.64,8594.42,284.42,215.73,1334.37,1251.72,477.66,0,91.24,144.82,257.94,182.57,1092.18,2458.37,310.88,285.59,0,515.91,337.03,120.88,703.66,955.29,320.02,1304.49,1268.26,3068.68,921.32,1925.18,193.73,3.83,62.46,3.43,45.56,287.24,1.85,171.45,245.77,0,7604.78,283.39,186.1,0
2059.42,66539.96,158.39,809.88,508.99,270.57,706.12,3557.96,0,393.41,17110.92,0,0,40.29,52.39,89.43,0,9.15,110.56,2.63,0,2657.5,163.1,15.45,13791.44,0,821.71,0,105.9,59.33,26293.2,3318.77,0,13526.15,965.92,11934.95,14.9,1.8,2184.33,0,363.89,20975.14,246.69,7.73,0,67.74,99.16,148.07,652.7,1579.86,13825.8,1338.82,55274.35,5214.07,1765.27,233.52,408.72,1442.94,8018.36,0,6473.37,0,5887.71,18321.18,35331.97,10.52,35.25,2683.05,235.51,25552.66,4179.98,551.45,40.38,152.81,2962.02,7118.4,334.1,11049.54,109.87,1899.96,180.24,69.24,260053.79,16658.03,12543.81,3316.25,124849.43,2317.92,0,5260.91,757.06,3504.47,2660.56,5673.34,16141.66,2118.24,305.23,0,3637.79,450.87,844.62,4952.56,6721.89,1740.98,8971.87,1825.05,15981.36,899.45,12951.63,10905.16,725.85,435.21,24.17,320.69,1224.62,13,803.72,936.01,0,7.92,0,1296.06,0
0,0,0,0,0,0,0,0,0,0,0,0,0,0,0,0,0,0,0,0,0,0,0,0,0,0,1125.48,0,759.74,0,29,694.75,0,165.29,213.3,1437.89,3.6,0,20840.84,1253.3,291.67,1025.58,1520.29,8.78,0,54.24,0,9441.42,3110.97,151.87,1599.77,7373.59,26128.77,55.08,2200.53,3992.78,5106.76,35.22,17827.79,0,5799.67,2591.96,8179.07,16037.65,1596.99,0,19.11,3354.47,5482.08,25.1,357.2,2565.36,22.04,67.14,597.26,14046.53,6119.03,76587.44,0,9141.27,427.97,3628.92,115870.05,17877.5,4168.92,7583.26,51874.29,2360.64,0,1170.62,617.75,1817.8,1005.09,40920.9,4116.04,4664.79,1070.79,0,3940.3,2101.46,276.13,2084.03,61.51,1005.45,82611.7,2225.46,45113.27,8387.68,5139.61,11233.93,52.53,1995.49,126.01,834.37,3449.41,0,14079.02,4877.53,0,74256.28,1743.47,4320.81,0
82.33,23.66,12.26,225.75,143.38,56.4,29.51,189.27,0,2.41,14.32,0,0,60.4,154.81,15.14,0,0.69,2.12,0.48,22.65,89.22,4.69,0.37,0.28,0,16.44,0,3.99,17.69,18.58,9.66,44.68,37.61,16.11,83.69,221.26,0.97,82.12,41.1,4.17,108.24,8,0.12,12.49,16.29,165.48,1.24,59.65,60.79,26.11,63.12,27.69,21.51,4.17,43.47,22.08,13.07,14.54,0.08,11.47,21.4,4.39,96.12,6.84,10.05,3.53,42.33,31.84,30.08,746.05,37.11,0.62,14.05,58.27,29.29,21.1,108.25,1.76,673.74,240.04,355.31,718.55,410.22,105.97,40.16,674.18,3245.4,19.18,82.21,6.41,91.02,51.18,214.87,0.5,0,0,0,23.37,32.27,10.21,51.74,71.88,30.42,33.52,43.13,39.58,4.69,64.22,50.65,4.34,0.15,0.84,4.1,2.68,0.02,4.53,23,0,0,0,6.33,0
0,0,0,0,0,0,0,0,0,0,0,0,0,0,0,0,0,0,0,0,0,0,0,0,0,0,98.64,0,0,0,14.91,0,0,0,0,0,523.74,1.26,0,0,0,0,13.5,0,585.3,28.09,195.99,0,0.71,0.76,8.14,0,0,0,0,0.02,0,0,0,0,0,0,0,0,0.05,0,0,0,106.68,0,247.19,0,0,136.74,54.57,0,0,0,0,3043.07,0.1,0,0,0,0,165.12,0,0,0,0,0,0,0,0,0,0,0,0,0,0,0,0,0,0,0,0,0,0,0,0,0,0,0,0,0,0,0,0,0,0,0,0,0
0,0,0,0,0,0,0,0,0,0,0,0,0,0,0,0,0,0,0,0,0,0,0,0,0,0,0,0,0,0,0,0,0,0,0,0,0,0,0,0,0,0,0,0,0,0,0,0,0,0,0,0,0,0,0,0,0,0,0,0,0,0,0,0,0,0,0,0,0,0,0,0,0,0,0,0,0,0,0,311.42,0,0,0,0,0,0,0,0,0,727.31,0,0,0,0,0,0,0,0,0,0.11,0,0,0,0,0,0.8,0,0,0,0,0,0,0,0,0,0,0,0,0,0,0,0,0
0,0,0,0,0,0,0,0,0,0,0,0,0,0,0,0,0,0,0,0,0,0,0,0,0,0,0,0,0,0,0,0,0,0,0,0,0,0,0,0,0,0,0,0,0,0,0,0,0,0,0,0,29.89,0,0,0,0,781.34,0,0,0,8487.66,0,7206.23,1507.04,0,31.25,0,0,0,0,0,0,0,48.66,2011.56,0,8841.15,0,20990.06,0,24547.81,0,0,0,0,0,0,0,0,0,0,0,0,0,0,0,0,0,0,0,0,0,0,0,0,81.47,0.02,0,25.14,0,0,0,0,0,0,1.91,0,0,164.16,4.31,0,0
159112.77,124930.32,66661.29,321651.1,288715.26,126344.26,265691.77,39122.58,0,0,512.73,0,0,0,39435.26,0,0,0,0,0,0,0,0,0,0,0,0,0,0,0,0,0,0,15.76,0.59,0,113.09,0,0,0,0,0,24.19,195.9,0,32.49,133.54,0,111.14,0,0,0,0,0,0,0,4.34,0,0,0,67566.42,0,0,6.6,6298.15,0,0,0,0,0,0,0,0,0,0,0,0,1131.6,0,26.63,0,421.27,11580.12,0,0,0,748.46,0.77,0,0,0,0,0,0,7.54,0,0,0,134.48,0,0,0,0,10024.35,0,3732.08,365.01,5309.46,147.18,25.67,0,0,0,0,0,0,1589.79,17.35,0,2645.15,3.34,0,0
0,0,0,0,0,0,0,0,0,0,0,0,0,0,0,0,0,0,0,0,0,0,0,0,0,0,0,0,0,0,0,125.56,0,0,0,206.15,0,0,0,0,0,0,95.27,0,0,0,0,0,8420.27,0,508.93,12587.84,4160.24,9002.26,9607.42,98.39,7191.64,2448.04,44502.06,0,6174.71,9145,0,20.65,10529.57,443.75,55.84,70379.73,0,33373.57,673.94,535.68,1269.93,0,105611.24,17386.06,40966.6,6198.11,0,426.75,0,82374.66,1975.72,62628.03,3907.24,0,0,1631.57,0,94.26,751.45,1394.1,1215.14,8254.48,452.87,0,0,108936.57,497.93,3540.42,28.13,0,24.84,33.7,2244.77,221.24,4558.22,2797.51,11.06,0,0,0,0,225.86,80.51,0,1596.41,23.31,0,25524.15,1008.34,0,0
0,0,0,0,0,0,0,43913.44,1394.48,1738.09,17586.54,1497.89,1407.05,0,0,34.27,0,3.51,3184.06,1.01,527.85,0,0,599.47,0,0,3691.2,0,0,0,0,0,0,280.75,3.74,0,194.35,0,14276.29,0,0.81,5469.96,0,0,0,0,0,125.85,0,1.42,0,0,107.32,0,0,2.55,0,0,0,2.37,0,0,31158.97,30984.55,0,0,0,718.28,0,0,0,0,0,0,0,129.45,0,152.51,0,162.21,35.46,157.68,1593.51,0,0,756.2,1.56,230.02,0,0,0,23.9,0,0,61.25,1.17,0,0,7.77,2.21,0,0,0.51,50.53,49.1,8.02,2032.06,15288.72,78999.41,136.73,7784.75,747.1,0,0,0,0,145.19,1700.73,0,17429.11,3.58,1631.92,0
0,0,0,0,0,0,0,0,0,0,0,0,0,0,0,164.22,0,16.2,164.19,4.81,0,0,0,0,0,182.93,0,0,749.45,0,183.2,22.39,0,34.21,58.82,489.42,12.86,0,0,0,119.45,96.7,47.03,0,0,0,26438.97,253.41,176.99,176.19,1805.7,44.45,1063.07,38.6,5956.06,31.4,40.4,133.66,138.14,0,3.83,30.56,7403.44,39041.3,130.28,3.38,69.92,20.77,0,5351.54,0,0,15.84,0,74.78,680.6,1806.42,753.56,0,67.33,0,571.66,12071.64,162.52,0,6674.55,713.16,758.82,0,58.88,138.29,345.89,237.94,7082.07,95.43,0,0,0,325.55,106.96,3456.85,32.21,6.34,7.93,356.08,2415.18,1781.25,3753.18,2481.92,2210.73,0,0,17.58,9.82,0,0,2731.97,101355.47,0,16992.05,58.69,189.68,0
0,0,0,0,0,0,0,0,0,0,0,0,0,0,0,0,0,0,0,0,4621.06,0,0,0,0,0,0,0,13.3,0,3430.28,0,0,5.03,27102.26,1050.34,0,0,6358.23,0,2603.8,9755.4,12872.89,647.54,0,4837.93,25835.12,10371.82,29717.57,2528,4912.57,3,27045.9,12565.19,174.91,1491.87,35.23,0,2619.6,20.76,330315.53,120717.68,174041.72,264608.32,90673.32,0,183.25,8231.2,0,11731.36,0,1880.8,977.45,0,3998.79,3528.16,8432.15,9159.45,0,0,4045.11,2654.19,4768.8,2049.22,0,13.45,1649.02,2015.85,0,0,0,0,0,3.56,0,0,0,0,1308.78,0,20.95,0,0,122.84,0,567.81,997.61,61386.5,26113.16,1997.22,0,0,0,0,0,0,423.63,4349.55,0,3600.19,217.25,0,0
0,0,0,0,0,0,0,0,0,0,0,0,0,0,0,0,0,0,0,0,0,0,4839.05,1261.72,0,0,0,0,7.39,0,1965.36,0,0,4972.89,11.22,1570.51,0,0,57.01,0,1062.57,37895.17,81.8,33.77,10847.88,5661.4,229.02,5.39,17212.67,5330.37,4770.05,0,6951.35,2038.42,13094.66,12.35,816.64,4604.52,1267.67,0,11952.51,7322.51,1113.5,33725.84,9640.08,0,132.97,1291.23,1529.07,0,0,4963.86,0,0,36.4,4907.24,1704.86,2476.5,0,137.57,0,6933.07,828.7,2062.6,521.4,0,0,0,0,50.98,0,0.84,0,1008.13,28.52,0,0,0,3.01,0,29.55,0,0,55.85,0,0,128.78,2181.19,975.28,417.97,0,0,0,0,0,0,16.35,9.14,0,996.28,6.93,0,0
0,0,0,0,0,0,0,0,0,0,0,0,0,0,0,0,0,0,0,0,1.01,0,0,0,0,0,0,0,0,0,0,0,0,0,0,433.5,6277.1,0,0,0,0,0,2.18,0,0,516.96,0,0,0,0,0,0,0,0,0,0,0,0,0,0.28,563.31,582.74,111.49,112.64,16.18,6428.91,495.09,0,0,0,0,0,0,0,0,41.19,0,53.1,0,43.91,30.24,286.69,714.52,0,0,0,0,23376.31,0,385.38,0,890.38,673.74,3169.74,0,0.89,0,0,3.26,33.99,0,0,0,0,0,67.26,112.51,224.88,0,0,0,0,0,192.48,0,0,60.35,0,0,3104.1,107.79,0,0
0,0,0,0,0,0,0,0,0,0,504.36,0,80.53,0,0,1753.64,3.8,179.13,3027.9,51.49,0,0,0,0,0,0,83.99,0,0,0,13.87,0,0,0,0,0,0,0,0,47.02,2976.62,0,17.37,0,0,0,0,0,38.11,1463.91,0.39,0.49,1102.77,0,4683.62,22.12,61.65,6257.48,180.39,0,0,0,1.65,294.04,0,9415.18,11078.12,1937.18,0,632.5,81.67,0,0,0,3.2,792.41,0,302.79,0,34.89,42.76,438.43,160.67,29297.46,28.78,0,191.75,1.05,0,0,0,0,0,0,0,0,0,0,0.33,4.4,0,0,0,0,0,0.31,55.12,10407.95,33420.53,3651.65,1019.34,0,0,0,9.24,0,91.55,0,0,597,1.45,0,0
3846.35,22664.69,2859.39,14574.93,180818.11,898.81,3305.84,0,1688.13,0,19331.21,0,129.01,338.85,22629.74,0,0,0,0,0,2.1,0,0,2900.55,0,0,11204.81,0,3698.08,0,4980.53,0,4280.23,8776.37,2267.23,6135.02,208104.51,20570.66,6589.84,1278.68,13359.67,66151.4,5135.86,0,0,18558.63,68846.41,7.12,8353.97,16524.15,13168.71,7576.09,160974.46,31.31,9291.78,7.67,32.52,28096.57,9799.56,135.34,19456.08,12424.13,31792.64,78574.72,33330.18,0,0,97592.09,5176.01,3082.54,6.51,0,4.73,0,1042.46,17018.22,7971.16,75254.81,0,122289.5,58436.11,310759.72,268602.88,11276.74,45583.95,554.93,54975.81,141.5,0,4385.29,159.4,31.63,0,10840.79,339.62,0,0,822.22,704,484.2,237.64,172.36,1861.88,15270.06,0,778.66,1939.06,3894.22,0,0,0,0,1438.89,0,124.31,18.19,3424.85,454.23,0,15102.84,160.71,11.73,0
0,0,0,0,0,0,0,0,0,0,0,0,0,0,0,0,0,0,0,0,0,0,0,0,0,0,0,0,0,0,12947.23,0,0,0,0,0,0,0,3867.06,0,0,0,7568.65,2486.87,79477.13,0,10950.42,0,0,0,0,0,4687.84,0,0,0,3366.51,0,0,0,0,0,11955.88,28373.82,164.2,0,0,0,80707.44,0,0,0,0,0,0,26428.86,2633.85,806.26,0,4.25,0,96112.83,3088.05,0,0,0,0,1.1,0,0,0,0,0,0,0,0,0,1850.36,1.44,0,0,0,0,69.46,0,0,153.52,176.9,0,0,0,0,0,0,0,0,9.74,0,0,1072.44,2.73,0,0
0,0,0,0,0,0,0,0,0,0,0,0,0,0,0,0,0,0,0,0,0,0,0,0,0,0,0,0,0,0,0,0,0,0,0,0,0,0,0,0,0,0,0,0,0,0,0,80.15,0,0,0,169.24,0,0,0,0,0,0,0,0,0,0,0,0,0,0,110.5,0,648.54,0,0,0,0,0,0,11738.58,0,11.65,0,15.2,0,206300.84,0,0,0,2.93,0,0,0,0,0,0,0,0,19.83,0,0,8245.26,1.6,0,0,0,0,0,0,0,545.78,181.89,0,0,0,0,0,0,0,0,36.09,0,0,926.64,1.69,0,0
0,0,0,0,0,0,0,0,0,0,0,0,0,0,0,0,0,0,0,0,0,0,0,0,0,0,0,0,0,0,0,0,0,0,0,0,0,0,0,0,0,0,0,0,0,0,0,0,0,0,0,0,0,0,0,0,0,0,0,0,0,0,0,0,0,0,0,0,0,1601.75,29528.15,61236.74,1859.43,0,1404.25,0,614.64,96.41,0,0,0,640987.83,0,0,0,0,0,5.32,0,0,0,0,0,0,52.07,0,0,7713.65,0,0,0,0,0,0,0,0,211.48,110.3,0,0,0,0,0,0,0,0,81.83,0,0,836.63,0,0,0
0,0,0,0,0,0,0,0,0,0,0,0,0,0,0,0,0,0,0,0,0,0,0,0,0,0,0,0,0,0,0,0,0,15486.81,0,0,0,0,0,0,0,0,7.37,0,0,0,0,0,0,0,0,0,0,5288.57,0,0,20.11,0,0,0,0,0,0,1048.82,0,0,0,0,0,0,4039.93,330835.68,0,0,6909.25,140.1,118.42,177.53,0,112.62,0,1425861.5,5649.94,0,0,0,13.52,4.06,0,0,0,7.04,0,0,0,0,0,66524.6,78.78,0,0,0,167.45,0,0,0,532.52,343.63,0,180.17,0,0,0,0,0,0,178.28,0,0,5996.36,5.21,0,0
0,0,0,0,0,0,0,0,0,0,0,0,0,0,0,0,0,0,0,0,0,0,0,0,0,0,0,0,0,0,0,0,0,0,0,0,0,0,0,0,0,0,0,0,0,0,0,0,0,0,0,0,0,0,646.86,0,4876.91,0,0,0,0,0,0,0,0,0,0,0,0,0,0,21515.11,0,0,0,32.46,919.36,0,0,12248.04,0,1432820.42,0,0,0,0,0,1.98,0,0,0,0,0,0,43.95,0,0,22031.95,0.19,0,0,0,477.83,0,0,0,995.07,255.01,0,0,0,0,0,0,0,0,15.57,0,0,5339.59,2.89,0,0
0,0,0,0,0,0,0,0,0,0,0,0,0,0,0,0,0,0,0,0,0,0,0,0,0,0,0,0,0,0,0,0,0,0,0,0,0,0,0,0,0,0,0,0,0,0,0,0,0,0,0,0,0,0,0,0,0,0,0,0,0,0,0,0,0,0,0,0,0,53.91,837.25,453.56,857.29,0,0,0,0,0,0,0,0,6079.13,0,0,0,0,0,0,0,0,0,0,0,0,0,0,0,0,0,0,0,0,0,0,0,0,0,0,0,6.41,0,0,0,0,0,0,0,0,0,0,0,0,0
0,0,0,0,0,0,0,0,0,0,0,0,2.18,0,0,0,0,0,0,0,0,0,0,0,0,0,0,0,0,0,0,0,0,0,0,0,0,0,0,0,0,0,3.58,0,0,0,0,0,0,0,0,0,53.15,0,178.63,4.68,341.23,0,37.94,0,0,0,0,0,2.7,0,0,0,0,0,14.7,0,1.47,0,174.02,58.14,496.06,10.1,0,0.03,0,16756.02,0,955.33,38.12,0,0,0,0,0,0,2.33,0,0,0,0,0,0,0,0,0.08,0,0,0,0,0,0.47,0,0,0,0,0,0,0,0,0,0.01,0,0,47.99,2.06,0,0
0,0,0,0,0,0,0,0,0,0,0,0,0,0,0,0,0,0,0,0,28945.37,0,0,0,0,0,0,0,0,0,0,0,0,0,0,0,0,0,0,0,0,0,9.41,0,0,0,0,0,0.18,0,6.42,0,41.99,407.23,0,0,322.78,1338.59,0,131.31,0,0,0,75.69,0,0,0,563.07,0,801.37,0,18659.97,0,58358.65,536697.77,64160.88,6813.79,1007.75,0,216.27,0,451235.62,4993.23,2290.17,0,0,0,12743.1,0,0,0,0,0,85764.99,0,0,0,0,90.03,0,0,0,67.41,0,0,0,354.89,84.99,0,0,0,0,0,0,0,0,335.11,23.18,0,1043.7,7.1,0,0
0,0,0,0,0,0,0,0,0,0,0,0,0,0,0,0,0,0,0,0,0,0,0,0,0,0,0,0,0,0,0,0,0,0.15,0,0,0,0,0,2.12,0,288.15,0.74,0,0,0,0,0,0,0,0,0,3.65,365.37,0,0,1.68,0,0,0,0,0,0,0,0,0,0,0,0,0,0,0,32.17,4908.85,5563.13,1098.54,139.29,1912.78,0,0.34,0,8.9,153.53,727.47,186.39,0,0,0,0,0,0,0,0,0,0,0,0,0,0,0,0.03,0,0,0,0,28.58,9.15,11.33,246.77,0,0,0,0,0,0,0,0.42,0,0,91.56,0.51,0,0
0,0,0,0,0,0,0,0,0,0,0,0,0,0,0,0,0,0,0,0,10510.3,0,0,0,9774.15,0,0,0,0,0,0,0,0,0,0,0,0,0,0,0,0,0,0,0,0,0,0,0,0,0,0,0,0,0,0,0,0,0,0,12.45,0,0,0,0,0,0,0,17435.21,0,0,0,0,0,6053.05,274374.64,9266.71,0,0,0,69980.99,0,617557.42,0,1758.09,0,0,0,6644.34,0,0,219.65,2.86,186.37,0,168.85,0,0,0,328.58,0,0,0,0,0,0,0,1953.76,971.19,0,0,0,0,0,0,0,0,985.52,0,0,8513.6,77.82,0,0
0,0,0,0,0,0,0,0,0,0,0,0,0,0,0,0,0,0,0,0,0,0,0,0,0,0,0,0,0,0,0,0,0,0,0,0,0,0,0,17.6,0,0,0,0,0,0,0,0,0,0,0,0,5382.9,0,0,0,0,0,0,0,0,0,0,0,0,0,0,0,0,0,0,0,0,0,22045.32,0,0,0,0,0,0,245.66,0,0,0,0,0,0,0,0,0,0,0,0,0,0,0,0,1.52,0,0,0,0,0,0,0,0,0,0,0,0,0,0,0,0,0,0,0,0,0,0,0,0
16070.09,2870.66,5172.39,2000.61,2872.09,5827.71,14154.21,0,753.84,2477.06,0,0,284.07,75.66,121593.33,0,0,0,78.89,0,19497.75,0,0,174.55,0,0,375.58,0,0,1871.56,43209.67,4265.59,0,1536.86,543.63,3430.42,38616.98,0,418.28,0,0,2263.83,11.62,211.79,0,430.06,50994.04,0,9508.46,13639.5,944.94,17755.19,0,10982.81,20624.63,347.04,6518.66,0,2318.7,116.26,29069.29,6958.63,2693.11,36882.93,4603.55,2772.52,491.44,4486.96,259.91,1729.85,836.22,1159.38,10.74,189.62,100408.96,40137.4,11521.34,50218.82,0,13108.58,3846.52,233061.76,7732.86,25520,3250.33,1.55,1973.41,9992.27,0,0,0,7.21,0,167163.9,0,0,106.68,12629.52,459.58,0.71,0,0,0,1765.06,0,23.93,1161.43,527.55,0,0,0,0,0,33.87,0,0.07,653.23,5673.65,0,13494.13,103.18,0,0
0,0,0,0,0,0,0,0,0,0,0,0,0,0,0,0,0,0,0,0,0,0,0,0,0,0,0,0,0,0,0,0,0,0,0,0,0,0,0,0,0,0,363.72,0,0,0,0,0,0,0.92,29.14,0,0,0,0,0,109.91,0,0,0,0,0,0,0,0,0,0,0,972.47,2438.31,0,0.63,0,0,893.61,619.6,118.4,23.35,0,391.87,0,479.99,14.43,921.72,0,0,0,0,0,250.5,0,0,0,0,12.23,0,0,0,15.88,10.23,0,0,0,4361.8,0,7.21,0.37,2.9,0,0,0,0,1083.76,0,114.58,0,20.67,109.61,0,6503.21,0.73,0,0
1348.51,0,0,0,0,0,0,0,0,0,0,0,0,221.22,0,0,0,0,0,0,5.65,0,0,0,0,0,0,0,0,0,0,0,0,0,0,1503.83,0.7,0.03,619.51,321.73,0,0,21.46,0,0,0,0,0,26.36,153.15,3.74,329.67,0,53.8,0,446.56,42.73,0,274.27,0,0,0,0,0,0,1.04,0,0,0,276.07,95.36,63.06,0.58,0,467.28,1239,80.84,29.07,0,35.08,35.9,350.91,1610.19,6601.93,1985.43,71.37,0,7482.76,0,0,0,2.33,0,0,0.42,0,0,0,286.2,13.84,25.7,69.48,32.29,392.29,0,398.23,192.36,351.09,14.87,12.79,0,0,14.97,0,41.76,0,134.67,211.88,0,3036.67,119.93,0,0
0,0,0,0,0,0,0,0,0,0,0,0,0,0,0,0,0,0,0,0,1573.76,199.34,25.87,1.78,0,0,0,0,0,0,0,0,0,0,0,15.4,0,0,0,0,0,0,4.61,0,0,0,0,0,0,1.8,0,0,0,0,0,0,268.02,0,0,0.28,0,0,0,0,0,0,0,0,0,0,0,0,0,0,6.5,4399.07,0,0,0,4241.66,0,20915.45,16258.99,2897.34,130.13,296.23,0,0.47,0,770.27,0,6.95,0,9342.86,16.49,0,0,197.89,1.62,6.29,0,0,0,0,0,90.49,149.66,119.97,0,11.86,0,0,0,0,0,0,32.82,0.95,0,1507.56,30.41,0,0
0,0,0,0,0,0,0,0,0,0,0,0,0,0,0,0,0,0,0,0,0,0,0,0,0,0,0,0,0,0,0,0,0,0,0,0,0,0,0,0,0,0,0,0,0,0,0,0,0,0,0,0,0,0,0,0,0,0,0,0,0,0,0,0,0,0,0,0,0,0,0,1.16,0,0,0,0.12,0,0,0,0,0,0,1.48,0,0,0,0,0,0,0,0,0,0,2.64,0,0,0,0,0,0.19,0,0,0,0,0.11,0.25,0,0,0,0,0,0,0,0,3.16,0,2.74,0.04,0,0,0,0,0
0,0,0,0,0,0,0,0,0,0,0,0,0,0,0,0,0,0,0,0,0,0,0,0,0,0,0,0,0,0,0,0,0,0,0,0,0,0,0,0,0,0,2.49,0,0,0,0,0,0,0,0,1327.55,0,0,0,0,0,0,1683.44,0,0,0,0,0,0,0,0,0,0,0,0,0,0,0,32.55,258.05,0,111.49,0,554.38,0,0.59,0,122.32,37.78,0,0,0,0,0,0,0,0,0,0,0,0,0,82.66,92.93,0,0,0,49.48,0,6422.56,90.18,30307.47,20686.88,9584.52,696.11,38.38,0,0,0,0,5.3,76.34,0,1964.7,4.83,488.19,0
0,0,0,0,0,0,28.06,0,0,0,0,0,0,0,457.81,0,0,0,0,0,73.21,828.28,24.57,7.69,2.39,0,0,0,0,142.46,174.62,140.5,0,16.64,77.78,124.99,0.58,1.68,4.29,0,4.67,12.1,19.14,0,0,11.27,46.34,2.9,29.53,3.39,29.83,23.2,795.1,0,60.36,11.54,77.96,379.37,53.49,0.16,116.43,307.36,31.24,186.52,1047.64,111.54,43.16,351.46,0,325.74,1689.72,216.26,8.23,0,89.75,207.47,45.77,189.44,0,58.62,0.27,0,2081.52,3809.19,45.31,20.19,75.7,2205.56,0,497.93,4.29,251.17,114.8,1126.3,0,0.05,0,0,9.26,301.49,0.35,7.86,0,730.18,125.72,12.83,32.94,2.1,132.54,181.71,15.9,0,0,31.26,103.72,0,14.49,18.63,0,1.4,0,2.17,0
0,0,0,0,0,0,0,0,0,0,0,0,0,0,0,0,0,0,0,0,1598.08,0,0,0,0,0,0,0,0,0,0,2.17,0,0,0,0,0,0,0,0,0.96,139.22,6.73,0,0,0,0,0,0,0,0.3,0,430.19,0,0,0,0,0,0,7.18,0,0,0,0,0,0,0,0,0,0,0,0,0,0,0,101.01,149.84,0,0,0,0,0,3318.47,0,0,0,1529.23,696.4,0,3637.66,0,0,0,0,0,0,0,1558.8,0,3.9,0,0,0,0,907.77,0,326.22,0,0,0,0,0,0,0,0,0,0,0,0,0,0,20.41,0
0,0,0,0,0,0,0,0,0,0,0,0,0,0,0,0,0,0,0,0,0,0,0,0,0,0,0,0,0,0,0,0,0,0,0,0,0,0,0,0,0,0,0,0,0,0,0,0,0,0,0,0,3.09,0,0,0,0,0,0,0,0,0,0,0,0,0,0,0,0,0,0,0,0,0,0,2.37,0,97088.02,0,0,0,0,0,0,0,0,0,0,0,0,0,0,0,0,0,0,0,0,0,0,0,0,0,0,0,0,7.18,0,0,0,0,0,0,0,0,0,0,0,0,0,0,0,0
0,0,0,0,0,0,0,0,0,0,0,0,0,0,0,0,0,0,0,0,0,0,0,0,0,0,0,0,0,0,0,0,0,0,0,0,0,0,0,0,0,0,0,0,0,0,0,0,0,0,0,0,0,0,0,0,0,0,0,0,0,0,0,0,0,0,0,0,0,0,0,0,0,0,0,0,0,48.82,0,0,0,0,0,0,0,0,0,0,0,0,0,0,0,0,0,0,0,0,0,0,0,0,0,0,0,0,0,0,0,0,0,0,0,0,4.72,0,0,0,0,0,0,0,0
0,0,0,0,0,0,0,0,0,0,0,0,0,0,0,0,0,0,0,0,0,0,0,0,0,0,0,0,0,0,0,0,0,0,0,0,0,0,0,0,0,0,0,0,0,0,0,0,0,0,0,0,767.87,0,0,0,0,0,0,0,0,0,0,0,0,0,0,0,0,0,0,0,0,0,0,0,0,1766.57,0,7.6,0,110.32,0,0,0,0,0,0,0,0,0,0,0,0,0,0,0,0,0.26,0,0,0,0,0,0,0,939.2,1.95,0,0,0,0,0,0,0,0,581.43,0,0,2879.8,3.88,0.08,0
0,0,0,0,0,0,0,0,0,0,0,0,0,0,0,0,0,0,0,0,0,0,0,0,0,0,0,0,0,0,0,0,0,0,0,0,0,0,0,0,0,0,0,0,0,0,0,0,0,0,0,0,0,0,0,0,0,0,0,0,0,0,0,0,0,0,0,0,0,0,0,0,0,0,0,0,0,0,0,0,0,0,0,0,0,0,0,0,0,0,0,0,0,0,0,0,0,0,0,0,0,0,0,0,0,0,0,0,0,0,0,0,0,0,0,0,105.18,0,0,0,0,0,0
2062.12,1382.43,158.6,810.94,509.65,17504.53,707.04,3562.62,0,393.93,14812.48,0,0,40.34,52.46,89.55,0,9.16,110.71,2.63,0,2022.35,163.31,137.37,0,142.78,4697.1,0,106.04,26789.52,1126.09,47149.66,0,641.81,16601.39,1328.77,147.48,1.62,622.44,0,364.37,675.12,247.01,7.74,0,67.83,99.29,148.27,743.88,13106.98,3441.24,109881.68,57272.86,1603.39,451.69,230.95,1333.18,524.56,3006.31,0,4558.96,0,1752.79,3488.73,423.91,364.22,66.64,2686.56,235.82,260.76,544.87,506.88,40.43,153.01,2000.62,2282.82,407.41,30799.58,110.02,8743.62,180.48,2762.66,49141.13,3145.47,25441.67,3624.65,2812.5,2026.95,0,47.04,462.65,945.02,690.27,3421.12,17264.27,2285.02,315.16,1005.65,4014.11,312.02,853.45,5870.21,6735.95,1866.6,8987.84,6737.67,19508.93,2319.65,13735.29,12113.01,814.03,448.69,43.12,145.61,6967.26,13.02,1150.7,3565.67,0,45329.84,528.8,1338.23,0
0,0,0,0,0,239.65,0,0,0,0,0,0,0,0,0,0,0,0,0,0,0,0,0,0,0,0,0,0,0,0,0,0,0,384.38,1570.64,0,0,0,0,0,0,399.51,0,0,0,0,0,38.36,0,0,0,0,0,0,0,0,0,0,0,0,0,0,0,0,0,0,0,0,0,0,0,0,0,0,0,0,0,103.73,0,0,0,0,0,0,0,0,0.66,0,0,0,0,0,0,0,0,0,0,0,0,0,0,0,0,0,0,0,0,0,0,0,0,0,0,0,0,0,0,0,0,0,0,0,0
0,0,0,0,0,0,1195.65,0,0,0,0,0,0,0,0,0,0,0,0,0,0,0,0,0,0,0,0,0,0,0,0,0,0,0,0,0,0,0,0,0,0,0,1.5,0,0,0,0,0,0,3218.72,0,0,0.15,0,317.23,0,0,10926.14,277.51,0,0,0,0,0,0,0,0,0,0,0,1136,0,0,0,16.71,0,1108.49,0,236.34,0,0,1.82,174.86,19.36,0,0,0,0,0,0,0,0,0,0,0,0,0,0,0,0,25.41,0,0,0,0,0,0,0,0,0,0,0,0,0,0,0,0,0,0,0,0,0,0
0,0,0,0,0,0,0,0,0,0,0,0,0,0,0,0,0,0,0,0,0,0,0,0,0,0,0,0,0,0,0,0,0,0,0,0,0,0,0,0,0,0,0,0,0,0,0,0,0,0,0,0,0,0,4646.69,0,0,0,0,0,0,0,0,60.87,0,0,0,0,0,0,14.44,0,0,559.26,0,254.31,0,0,1688.09,0,0,0,61179.39,0,0,0,0,0,0,0,0,0,0,0,0,0,0,0,0,0,0,0,0,0,0,0.38,0,0,0,0,0,0,0,0,0,0,0,0,0,0,0,0,0
29230.39,0,0,0,0,0,0,0,0,860.57,54226.35,0,0,648.62,0,0,0,0,0,0,9103.18,36307.88,5994.2,259.06,78505.25,25668.72,27336.91,158.14,9878.62,2068.98,13788.14,11341.47,15111.84,51577.78,4384.77,44467.66,39308.7,315.08,43100.4,43960.06,8853.21,23948.7,3669.68,194.27,18178.51,5357.17,143681.71,3624.08,33853.02,20524.37,23651.97,80937.98,87341,5733.52,18743.14,24378.34,12927.1,43216.03,26111.87,1729.73,10323.07,11500.65,18852.46,26223.53,26883.65,8141.29,1992.78,103454.09,8366.73,23434.92,16335.44,18261.59,1693.93,2281.88,52168.29,21319.55,17528.86,39520.53,853.49,49399.25,261685.81,28910.16,1435430.35,45999.46,12468.78,45831.95,126663.03,20482.23,124.97,591.97,6725.56,84042.24,3711.18,72271.76,70540.03,5234.31,5188.15,0,47946.9,6109.87,1863.89,9115.97,1787.83,4016.92,14988.97,7178.56,63787.39,58731.08,65864.97,8421.23,301.1,639.57,348.3,1802.9,24638.43,150.32,29190.57,34830.32,0,275687.36,2453.73,3519.78,0
224.62,0,0,0,10252.94,17352.36,4491.72,0,0,0,0,0,0,16.92,0,0,0,0,0,0,724.15,4010.2,4362.58,67.76,63268.31,16239.5,24081.83,84.47,191.29,40.65,649.04,223.87,2433.09,25259.46,1292.22,10028.28,11288.17,41.87,5065.94,6334.66,3041.02,9208.44,511.75,45.44,53009.98,39318.14,524152.31,130.08,1882.23,1878.43,3509.62,104965.87,13904.32,2994.4,3302.16,2680.9,706.5,3272.82,3264.05,952.94,2309.22,4270.52,1040.18,2133.2,803.48,158.71,94.58,5151.52,644.98,4279.79,166.52,4080,113.28,67.66,3027.29,3124.46,1868.04,2653.81,197.85,1163.15,231.67,3170.83,183084.68,13160.26,5785.39,17817.27,24730.42,5410.86,46.34,158.2,821.83,3534.81,720.99,19702.61,8611.15,687.83,336.68,0,9521.61,500.51,452.41,2200.98,126.14,237.59,2393.07,1261.64,19228.03,3428.5,11934.68,1424.4,144.43,418.46,79.56,612.69,1020.41,7.61,4561.42,11785.78,0,11140.09,73.25,734.6,0
0,0,0,0,0,0,0,0,0,0,0,0,0,0,0,0,0,0,0,0,0,0,0,0,0,0,0,0,0,0,0,0,0,0,0,0,0,0,0,0,0,0,0,0,0,0,0,0,0,0,0,0,0,0,0,0,0,0,0,0,0,0,0,0,0,0,0,0,0,0,0,0,0,0,0,0,0,0,0,0,0,0,0,0,0,0,0,0,0,0,0,0,0,0,0,0,0,0,0,0,0,0,0,0,0,0,0,0,0,0,0,0,0,0,0,0,0,0,0,0,0,0,0
0,12212.34,0,0,0,0,0,212769.56,3399.9,932.27,16429.1,4358.54,0,0,0,0,0,0,0,0,56985.97,0,0,464.51,0,0,6810.64,0,1090.08,4.75,768.33,3940.58,0,1327.88,5596.25,9387.76,19.57,60,5606.9,1954.1,362.02,10722.67,3367.46,47.53,0,3202.1,913.72,2222.98,1308.15,1282.2,8542.06,25713.49,5518.38,271.41,5602.08,4052.51,1977.61,6596.19,8861.15,1321.56,12106.78,55.22,27922.65,12648.82,3224.44,1064.53,186.39,13320.45,932.6,12878.08,11543.34,7362.01,643.18,57.98,54207.52,5072.07,1624.29,30060.34,0,122855.49,17683.95,4703854.56,449555.19,7392.49,501.81,78425.46,27632.64,29092.16,0,4741.15,4173.79,37767.51,1465.19,178240.02,43622.66,2971.01,345.46,655580.06,86145.52,10986.07,8335.42,40998.67,1652.3,1932.86,10110.58,6140.44,76441.77,29559.7,53732.48,8527.72,0,2640.83,0,1039.47,15375.85,0,19619.89,34836.15,0,223621.83,1186.35,3089.34,0
42592.64,34857.94,15290.47,95160.24,124988.85,39038.85,56967.8,91911.46,1656.63,24796.09,276728.3,6436,1988.28,2735.47,36784.27,2197.08,23.33,394.73,16073.49,58.43,19537.51,20856.22,7069.37,2663.53,504214.55,75243.7,528606.22,1941.73,21204.8,64260.21,167829.05,160049.26,37287.79,394262.38,117965.22,339243.73,84651.54,37241.96,333384.96,102650.05,48825.57,252091.68,20617.52,1615.54,53595.86,52064.81,133920.81,16269.2,50936.99,70239.56,78775.97,283406.54,710792.35,18648.49,98144.46,86196.14,31658.99,78632.41,57036.92,104.11,96540.34,45617.34,73619.14,175533.47,60149.22,11462.99,5907.28,157084.24,26024.81,44021.82,82305.83,105373.64,1264.95,27530.87,227146.63,78837.84,204513.66,137079.09,1410.43,203241.38,24054,1258734.72,394169.85,120396.75,32217.4,57699.57,1198345.23,224345.51,840.07,20444.65,1105.44,11385.91,5809.86,110980.86,9998.18,2001.3,1689.34,45265.16,6094.2,7209.13,2974.79,7042.32,10426.22,22418.71,27964.31,15476.06,30934.24,63366.24,108794.72,26469.98,7707.47,1169.56,626.06,1018.27,7341.99,14.02,11968.72,55687.69,0,114539.65,1719.55,3633.07,0
0,0,0,0,0,0,0,0,0,0,0,0,0,0,0,0,0,0,0,0,0,258.16,159.08,7.16,0,0,1579.4,0,106.35,164.06,4041.21,4920.92,0,2351.93,408.13,3765.08,17.55,249.85,450.88,0,319.25,5480.56,623.39,119.95,0,228.07,325.4,814.34,622.71,202.36,1476.19,1962.12,7890.74,2547.8,3589.38,151.15,749.37,2657.08,2141.19,0,12247.72,6198.72,8914.01,17198.43,1400.31,0,66.73,4762.9,1061.88,4045.95,1633.51,1280.3,95.24,365.62,21836.57,8322.13,2202.55,6052.8,372.05,6406.18,490.45,3834.44,124090.68,8128.5,9184.21,1943.4,3597.11,13778.9,0,359.34,24249.25,3851.09,25180.31,130610.15,27878.66,2288.29,341.99,0,12433.22,561.65,5132.61,6574.68,2943.94,15022.12,10936.82,8051.66,16696.79,16625.75,26464.47,619.23,33.69,146.81,100.81,528.47,923.79,24.92,2657.7,1200.47,0,110348.25,5498.64,8461.5,0
0,0,0,0,0,0,0,0,0,0,0,0,0,0,0,0,0,0,0,0,0,71.97,99.79,4.49,0,0,440.34,0,6703.51,70.73,1128.15,1371.95,0,1111.12,246.38,1128.1,89.31,116.1,125.71,0,685.25,4276.36,250.25,497.19,0,63.59,90.75,579.85,194.92,417.92,1014.8,751.23,5348.14,1218.77,1766.6,45.42,814.66,2643.11,1838.78,0,3241.56,1710.48,32053.85,11935.52,1795.5,0,247.21,3077.46,296.05,1673.83,455.42,541.5,65.89,101.93,8416.67,2460.83,4851.71,1715.03,116.56,7078.68,322.7,17702.12,116351.45,12342.35,2585.98,6849.66,1390.59,5609.26,0,777.16,6556.01,6471.39,7022.42,42816.75,3895.96,986.2,671.32,0,6108.76,183.88,3541.96,2397.91,3982.61,4640.77,3185.67,5892.73,70653.11,63334.44,7352.24,238.2,9.39,33.59,28.11,1171.69,2298.63,6.95,45971.31,336.89,0,349059.54,1153.05,2392.84,0
0,0,0,0,0,0,0,0,0,0,0,0,0,0,0,0,0,0,0,0,0,0,0,0,0,0,0,0,0,0,0,0,0,0,0,0,0,0,0,0,0,0,0,0,0,0,0,0,0,0,0,0,0,0,0,0,0,0,0,0,0,0,0,0,0,0,0,0,0,0,0,0,0,0,0,0,0,0,0,0,0,0,0,0,0,0,0,0,0,0,0,0,0,0,0,0,0,0,0,0,0,0,0,0,0,0,0,0,0,0,0,0,0,0,0,0,0,0,0,0,0,0,0
0,0,0,0,0,0,0,0,0,0,0,0,0,0,0,0,0,0,0,0,0,0,0,0,0,0,0,0,0,0,0,0,0,76.02,0,0,0,0,0,0,0,119.03,0,0,0,0,0,0,0,0,0,0,0,698.76,0,0,0.23,49.79,0,0,0,0,34.53,0,0,0,0,0,0,0,0,0,0,0,430.07,454.62,0,434.24,0,1135.72,222.28,1446.22,42997.08,3811.48,0,2136.51,7754.09,872.37,0,0,475.82,2210.31,0,6267.4,2426.6,2156.52,664.08,0,75.6,0,0.05,0,0,40.1,0,317.53,6928.85,1905.72,1953.27,0,0,9.31,0,0,55.44,0,1871.36,79.57,0,48261.75,96.57,0,0
0,0,0,0,0,0,0,0,0,0,0,0,0,0,1150465.42,0,0,0,0,0,0,0,27135.48,1221.81,0,19293.96,0,0,0,0,3390.72,0,0,19435.64,6650.51,2.85,430714.73,0,0,0,517.61,0,0,0,28080.09,0,0.11,59499,75.25,43.93,3628.98,0,43775.71,0.54,144.73,111.73,337.27,31.79,4636,0,2.33,18.6,31862.23,59.36,26989.68,0,6.53,12.64,0,0,0,206345.98,0,0,27705.35,6223.8,11872.18,3554.1,0,1100.13,167.43,691677.7,859608.76,0,12633.97,5809.32,707.89,383293.27,0,11416.72,112231.51,54114.17,83837.86,105915.64,0,256.96,0,0,906.74,9846.92,79.17,2186.59,58.83,26.83,10911.93,9222.83,22065.5,1189.71,1723.71,2091.57,0,0,0,0,4483.03,0,2391.85,621.76,0,42212.15,131.53,2809.81,0
5287.1,4038.84,1774.48,8931.28,11905.38,3952.95,6537.84,4445.82,103.1,2153.49,20410.46,509.06,108.24,321.11,-785941.5,201.92,0.91,46.66,1323.22,5.59,3713.95,2805.78,-17355.43,-556.63,16268.03,-10495.53,22212.15,24.94,1308.92,1631.29,5872.6,8537.74,427.73,2361.08,656,36410.18,-289412.33,4514.77,20741.79,2913.04,2938.21,26912.18,5867.37,195.47,-17057.39,4174.58,10288.1,-40045.87,3761.91,3364.69,1525.48,9213.29,2729.76,1339.59,5673.83,9333.11,7492.85,13897.94,6419.27,2854.24,7513.35,3314.77,-17790.53,13647,-14283.32,979.62,455.22,7705.87,1083.36,8144.82,9714.37,-125309.73,333.27,6487.31,36360.01,8267.83,45329.42,11808.14,306.42,12931.36,2193.49,-215587.71,-551926.27,11666.5,-5532.93,-273.07,80625.87,-238995.23,85.52,-6407.96,-77035.9,-36258.46,-57094.18,-55819.76,923.32,-17.85,220.76,7445.94,26.61,-6187.78,230.52,-791.2,1128.54,1839.07,-5698.62,-4837.42,-12582.88,3812.8,4957.79,452.65,345.05,65.34,93.89,79.31,-2535.33,1.25,-736.25,4874.8,0,-17460.06,115.3,-1694.3,0
0,0,0,0,0,0,0,0,0,0,0,0,0,0,0,0,0,0,0,0,0,0,0,0,0,0,0,0,0,0,0,0,0,0,0,0,0,0,0,0,0,0,0,0,0,0,0,0,0,0,0,0,0,0,0,0,0,0,0,0,0,0,0,0,0,0,0,0,0,0,0,0,0,0,0,6.32,0,0,0,0,0,0,0,0,0,0,0,0,0,0,0,0,0,0,0,0,0,0,0,0,0,0,0,0,0,0,0,0,0,0,0,0,0,0,0,0,0,1.41,0,0,0,0,0
0,0,0,0,0,0,0,0,0,0,0,0,0,0,0,601.54,0,59.6,0,17.11,0,0,0,0,0,0,0,0,0,0,0,0,0,0,0,0,0,0,0,0,0,0,0,0,0,0,0,0,0,0,0,0,0,0,0,0,0,0,0,0,0,0,0,0,0,0,0,0,0,0,0,0,0,0,0,0,0,0,0,0,0,0,248.13,0,0,0,0,0,0,0,0,0,0,0,0,0,0,0,0,0,0,0,0,0,0,0,0,0,0,0,0,0,0,0,0,0,0,0,0,0,0,0,0
0,0,0,0,0,0,0,0,0,0,0,0,0,0,0,0,0,0,0,0,28617.95,178.7,0,0,0,0,1093.32,0,73.62,85.17,2785,3406.43,0,1601.61,279.66,2599.44,10.1,288.26,312.11,0,185,6812.83,431.53,83.04,0,157.88,225,563.71,249.64,116.47,717.18,664.46,1765.78,35.35,482.9,104.63,191.26,1986.49,1650.22,128.58,8718.4,4169,6160.14,11332.61,1017.87,118.48,40.95,3266.57,735.07,395.43,1130.77,886.27,50.05,253.09,15116,5043.62,1699.31,3588.36,257.55,1295.42,336.92,236.39,91939.64,6335.81,1373.02,2440.5,1006.49,17692.23,0,266.59,4131.93,1689.31,17417.01,82325.75,0,1120.48,32.42,0,2482.94,316.81,3469.6,3667.92,1404.55,8447.14,7570.83,3973.4,2812.32,6.94,13967.38,388.08,23.32,78.61,69.79,365.82,564.67,17.25,825.63,831.95,0,0,0,4526.98,0
0,0,0,0,0,0,0,0,0,0,0,0,0,0,0,0,0,0,0,0,0,0,0,0,0,0,0,0,0,0,0,0,0,0,0,0,0,0,0,0,0,0,0,0,0,0,0,0,0,0,0,0,0,0,0,0,0,0,0,0,0,0,0,0,0,0,0,0,0,0,0,0,0,0,0,0,0,0,0,0,0,0,0,0,0,0,0,0,0,0,3696.14,0,0,0,0,0,0,0,0,0,0,0,0,0,0,0,0,0,0,0,0,0,0,0,0,0,0,0,0,0,0,0,0
0,0,0,0,0,0,0,0,0,0,0,0,0,0,0,0,0,0,0,0,0,0,0,0,0,0,0,0,0,0,0,0,0,0,0,0,0,0,0,0,0,0,0,0,0,0,0,0,0,0,0,0,0,0,0,0,0,0,0,0,0,0,0,0,0,0,0,0,0,0,0,0,0,0,0,0,0,0,0,0,0,0,215.87,0,0,1562.09,0,0,0,0,39740.72,0,0,0,0,0,0,0,0,0,0,0,0,0,0,0,0,0,0,0,0,0,0,0,0,0,0,0,0,0,0,0,0
787.63,0,0,0,0,0,0,0,0,0,0,0,0,1437.62,0,0,0,0,0,0,0,0,0,0,0,0,0,0,0,0,1152.16,0,0,62.65,8.17,1127.55,0,0,34.4,0,85.19,10621.49,0,0,0,0,0.6,0,429.24,71.35,760.04,0,23183.23,3.08,12.53,5.51,122.78,399.02,867.11,0,324.47,106.13,1611.86,338.59,347.62,0,37.28,413.5,0,0,0,0,0,0,306.96,264.51,386.07,2605.3,0,11.53,89.2,2011.8,192210.28,0,0,0,2366.79,0,0,0,13.41,393.73,3.42,0,0,0,0,0,0,0,0,0,0,624.23,153.73,15.95,75.11,30.33,0,0,0,0,0,0,0,0,0,0,0,515.49,0,0,0
0,0,0,0,0,0,0,0,0,0,0,0,0,0,0,590.86,0,60.45,0,17.38,0,50.25,505.01,22.74,0,0,103,0,22.94,405.61,63.47,0,0,804.8,70.3,901.99,169.8,0,1184.48,0,107.58,3035.83,1872.51,0.66,0,92.76,0.62,0,1221.88,503.42,758.06,1971.72,19747.5,127.98,253.49,6.46,817.46,587.48,327.19,255.95,119.41,109.02,1813.6,357.05,2427.2,129.03,41.84,3124.87,2388.13,2303.32,133.47,0.67,2.38,14.17,979.69,830.64,953.06,1504.15,12.72,14487.36,141.32,0,162569.54,121.6,807.04,494.11,173.35,12085.29,0,18170.89,7536.68,19779.81,1098.88,14469.27,104243.28,96.09,672.95,0,156.74,2227.48,925.13,5073.35,1771.66,1583.95,367.34,2251.76,60.92,147.82,6364.25,1490.31,0,17.64,16.04,92.72,30.18,0,199.64,368.62,0,0,0,16.64,0
8844.43,0,0,0,770.09,1303.32,337.37,0,0,259.89,16376.32,0,0,197.15,0,0,0,0,0,0,2803.54,11266.16,2137.91,83.33,28460.55,8971.67,10064.49,54.1,2997.7,627.88,4212.76,3441.93,4746.51,17473.67,1421.25,14182.42,12719.04,98.3,13396.79,13751.7,2902.07,7924.13,1146.68,62.08,9471.43,4571.01,82760.4,1104.24,10364.96,6339.43,7406.48,32327.11,27421.26,1956.42,5908.44,7563.6,3957.04,13297.03,8130.93,593.95,3291,3793.94,5771.56,8079.71,8179.19,2470.58,608.92,31629.98,2575.19,7398.78,4945.8,5821.43,520.07,694.21,15982.16,6673.16,5434.01,12134.5,272.61,15005.9,79046.32,8969.01,447250.24,14880.26,4200.1,15179.45,40109.62,6592.02,41.22,190.66,2092.84,25646.19,1174.93,23305.86,21949.81,1632.42,1592.1,0,15195.09,1882.77,596.87,2918.33,549.4,1230.95,4706.4,2262.68,20707.94,17994.25,20787.58,2650.19,101.78,224.58,111.16,590.49,7517.43,45.97,9158.14,11403.95,0,84094.1,746.53,1118.15,0
623,0,0,0,54.24,91.81,23.76,0,0,18.31,1153.54,0,0,13.89,0,0,0,0,0,0,197.48,793.59,150.59,5.87,2004.75,631.96,708.94,3.81,211.16,44.23,296.75,242.45,334.34,1230.84,100.11,999.01,895.93,6.92,943.67,968.67,204.42,558.17,80.77,4.37,667.17,321.98,5829.62,77.78,730.11,446.55,521.71,2277.11,1931.55,137.81,416.19,532.78,278.73,936.64,572.74,41.84,231.82,267.24,406.55,569.13,576.14,174.03,42.89,2228.01,181.4,521.17,348.38,410.06,36.63,48.9,1125.78,470.06,382.77,854.75,19.2,1057.01,5568,631.77,31504.2,1048.16,295.85,1069.24,2825.31,464.34,2.9,13.43,147.42,1806.51,82.76,1641.66,1546.14,114.99,112.15,0,1070.34,132.62,42.04,205.57,38.7,86.71,331.52,159.38,1458.66,1267.51,1464.27,186.68,7.17,15.82,7.83,41.59,529.53,3.24,645.1,803.29,0,5923.57,52.59,78.76,0
0,0,0,0,0,0,0,0,0,0,0,0,0,0,0,0,0,0,0,0,0,13.53,0,0,0,9.66,217.84,0,7.18,0,152.8,270.3,0,63.05,748.52,91.61,1.32,0,351.31,504.26,260.69,4531.38,58.52,0,0,182.24,0.6,0,1925.92,89.86,1112.3,397.4,7866.18,49.55,370.78,15.97,140.13,1015.86,434.02,0,2863.4,4656.72,2089.36,1489.43,215.73,0,37.51,1612.09,664.72,279.06,345.53,92.6,37.54,40.27,1512.86,1569.75,1729.55,4130.2,0,2537.8,43.95,262.74,210568.41,3834.79,209.87,1602.48,1304.44,2410.31,0,193.15,1011.91,247301.28,453.84,37245.38,1723.46,72.58,44.47,0,135.76,90.29,3528.95,905.46,781.69,1208.72,10248.98,6655.64,763.83,328.36,8728.81,1559.85,0,249.32,78.24,0,0.47,0,1220.57,621.1,0,19139.3,261.35,1265.68,0
0,0,0,0,0,0,0,0,0,0,0,0,0,0,0,0,0,0,0,0,0,21352.61,1726.72,67.83,0,0,11706.1,0,1714.38,770.73,3200.22,4738.84,0,3060.03,1690.34,15148.52,503.76,0.62,29192.15,25480.31,1799.79,8607.7,1140.75,85.25,0,122.85,6284.77,1634.91,5236.99,69208.63,5103.64,169652.97,19551.65,8609.36,5289.43,5901.2,3175.26,3681.41,15630.68,0,7775.43,3547.53,8753.1,17327.23,2173.75,1533.81,332.47,10744.93,1927.05,12795.78,3970.08,3220.28,607.53,463.04,19284.79,16429.13,11592.66,12306.96,923.71,12682.46,1431.94,3911.34,718354.62,64144.36,16243.33,49589.32,35337.52,280699.86,416.72,1034.6,10306.63,316511.73,8400.34,848400.21,97958.5,6713.07,16169.96,0,23243.68,8778.4,4563.15,15017.1,2125.21,6534.22,111930.64,16513.88,43188.59,21850.37,71885.79,26043.01,1490.49,976.87,145.29,1257.06,6504.87,47.11,7296.08,22845.19,0,108449.35,2232.27,4238.08,0
0,0,0,0,0,0,0,0,0,0,0,0,0,0,0,0,0,0,0,0,0,0,0,0,0,0,0,0,0,0,0.02,0,0,0.04,0,0.01,0,0,0,0,0.06,0,0,0,0,0,0,0,0.3,0.04,0.5,0,5.38,0,0.01,0,0.08,0.13,0,0,0.01,0.07,0.02,0.23,0,0,0.03,0.05,134.73,0,0,125.98,0,0,0,0.18,0.03,0.21,0,0,0,0,18629.93,0,0,0,0,0,0,0,0,0,0,0,1159.39,0,0,0,0,0,0,0,0,0,0,180.61,7296.93,104.55,0,0,0,0,0,0,889.07,0,0,0,0,0,0,0,0
2724.29,3607.08,2758.84,14450.98,2962.91,3635.56,189.38,5460.16,0,0,55.77,0,0,0,1370.84,0,0,0,0,0,0,7.09,0,0,0,0,203.89,0,3.32,27.09,168.27,193.96,0,1152.81,6217.07,83.19,962.46,0,64.74,0,1035.56,3253.74,2036.9,9.5,0,17.79,73.1,143.94,1190.11,907.89,452.6,0,949.22,0.31,944.95,44.56,432.6,1407.78,276.81,0,1887.75,10.76,9144.44,734.38,1214.44,55.03,13.53,402.13,0,638.01,4.9,874.49,0,0,444.42,841.04,660.47,5172.67,0,83616.74,1823.45,47901.67,152899.8,889.92,0,6283.97,1620.17,85.56,0,0,130.23,2950.07,230.37,33445.77,5388839.51,5215.72,490.77,0,294.3,81.02,26.68,145.94,264.9,531.45,2086.36,534.52,3501.65,2638.11,152.26,2957.15,0,19.84,0,1.02,0.76,0,345.98,399.93,0,99183.62,0.48,4191.73,0
0,0,0,0,0,0,29.75,0,0,0,0,0,0,0,0,0,0,0,0,0,880.88,423.47,1051.77,47.36,0,0,410.75,0,392.98,391.9,1892.98,1058.55,2119.22,720.19,555.06,789.83,23125.45,0,545.64,1661.88,567.73,6771.01,1507.33,56.04,4254.63,160.31,5127.05,341.15,524.77,814.25,1740.92,60.26,24220.31,13.04,1301.27,376.36,651.66,1342.14,2444.47,3.96,1706.02,41.41,8472.71,3889.31,702.01,404.1,79.94,4855.52,690.05,307.25,2627.89,1086.63,102.7,122.57,2688.24,3397.51,1064.06,3274.43,494.11,67624.87,52.28,1363.57,164919.55,89353.13,1335.32,7053.6,2861.44,8805.74,0,2395.39,9764.77,16291.65,876.93,35167.12,28725.51,309925.77,63449.97,0,3753.13,2929.74,1526.96,2286.75,786.79,4809.02,5402.36,6852.02,14445.91,6983.67,12318.27,12499.06,973.81,856.79,14.4,6.89,186.41,0,512.74,541.35,0,8715.72,1785.59,6043.5,0
0,0,0,0,0,0,0,0,0,0,0,0,0,0,0,0,0,0,0,0,0,0,0,0,0,0,0,0,4887.85,0,0.01,0,0,0.02,0,0,0,0,0,0,0.02,0,0,38.29,0,0,0,0,0.1,15.13,0.18,0,45480.77,0,0,0,210.61,0.04,42.25,0,0,0.03,0.01,0.08,0,0,0.01,0.02,0,0,0,0,0,0,0,1815.07,0.01,0.07,0,25129,0,0,65943.83,2400.08,0,8760.04,0,0,0,0,1292.73,2177.05,2.1,68.12,256810.26,24080.98,133244.91,0,2.33,0,0,0,0,0,0,0,0,1593.82,734.56,0,0,0,0,0,0,0,0,4195.88,0,0,0,0,0
0,0,0,0,0,0,0,0,0,0,0,0,0,0,0,0,0,0,0,0,0,0,0,0,0,0,0,0,0,0,0,0,0,0,0,0,0,0,0,0,0,0,0,0,0,0,0,0,0,0,0,0,0,0,0,0,0,0,0,0,0,0,0,0,0,0,0,0,0,0,0,0,0,0,0,0,0,0,0,0,0,0,0,0,0,0,0,0,0,0,0,0,0,0,0,300346,0,0,0,0,0,0,0,0,0,0,0,0,0,0,0,0,0,0,0,0,0,0,0,0,0,0,0
0,0,0,0,0,0,0,0,0,0,0,0,0,0,0,0,0,0,0,0,0,0,0,0,0,0,0,0,0,0,0,0,0,0,0,0,0,0,0,0,0,0,0,0,0,0,0,0,0,0,0,0,0,0,0,0,0,0,0,0,0,0,0,0,0,0,0,0,0,0,0,0,0,0,0,0,0,0,0,0,0,0,0,0,0,0,0,0,0,0,0,0,0,0,0,0,0,0,0,0,0,0,0,0,0,0,0,0,0,0,0,0,0,0,0,0,0,0,0,0,0,0,0
0,0,0,0,0,0,0,0,0,0,0,0,0,0,0,0,0,0,0,0,0,4370.65,6851.01,21.09,0,0,5655.4,0,12091.73,0,2661.04,672.32,0,98486.95,8651.21,67280.11,9740.44,9.29,8435.42,1491.76,6829.36,7734.19,530.42,0,150.23,3883.58,1.65,493.62,20935.31,40156.93,7127.93,47273.03,26347.96,10314.71,19456.8,8825.29,8164.18,15661.55,32163.43,0,18927.95,291.36,14564.19,14651.9,3791.95,3540.15,395.64,49108.29,9400.86,21627.97,22588.18,6753.44,2275.86,1254.7,45111.53,22750.6,11530.05,31426.95,0,32049.86,539.87,13896.5,2035071.8,150661,84940.72,55255.09,233138.61,55909.65,0,446.13,18392.36,190006.16,33197.72,401460.35,144390.98,7823.02,4956.67,0,8162.01,145161.6,36856.74,146696.65,50762.13,20500.31,39047.86,51712.01,81387.94,20784.92,143854.03,75865.96,3338.13,14296.8,241.9,9553.17,19466.75,1.61,47833.81,93650.86,0,81696.87,1668.94,11231.56,0
0,0,0,0,0,0,0,0,0,0,0,0,0,0,0,0,0,0,0,0,0,23757.97,0,2443.54,0,0,17374.74,0,0,1905.4,2232.97,0,3671.94,80.98,0.7,5613.12,27002.42,0,3589.54,0,8.75,7061.57,120.04,11.77,15882.76,1204.12,0.06,0,1380.82,563.12,714.62,0,804.7,0.32,4961.09,230.33,101.68,665.8,154.69,0,2758.5,10.9,58560.61,6593.54,2609.22,0,3.83,7575.02,0,8578.23,27197.25,732,0,0,10631.75,4563.17,221.31,354.99,0,1226.8,843.1,163524.66,54836.62,912.77,0,1620.47,0,26235.56,0,28955.74,22427.55,71527.92,8447.78,297710.24,15909.13,2090.24,498.4,0,3689.6,3147.34,24304.77,26248.67,32803.99,8321.27,3766.15,7979.11,5134.83,8667.94,2436.05,2935.87,0,0,0,0,0,0,985.88,1642.54,0,44529.45,190.63,757.62,0
0,0,0,0,0,0,0,0,0,0,0,0,0,0,0,0,0,0,0,0,0,0,0,0,0,0,0,0,0,0,0.01,0,0,0.01,0,0,0,0,0,0,0.02,0,0,0,0,0,0,0,0.08,0.01,0.13,0,1.39,0,0,0,0.02,0.03,0,0,0,0.02,0,0.06,0,0,0.01,0.01,0,0,0,0,0,0,0,10873.11,0.01,0.05,0,2.6,0,0,0,0,0,0,0,0,0,0,0,0,0,0,0,0,0,0,331373.52,825.73,4839.24,10494.89,33465.52,0,2040.8,4578.52,1.62,6.95,0,0,0,0,0,0,28,0,0,0,0,0,0,0,0
0,0,0,0,0,0,0,0,0,0,0,0,0,0,0,0,0,0,0,0,0,0,0,0,0,0,2780.05,0,9277.87,0,650.34,0,0,680.56,1033.95,552.91,13196.73,0,1267.7,0,404.72,3016.37,4585.85,56.81,2402.46,13.85,0.28,1373.84,390.33,1100.88,8995.75,232.81,2920.75,144.18,3146.95,133.91,319.57,1167.72,1676.64,0,1419.55,49.6,15911.58,13808.03,747.65,165.69,91.5,3174.42,0,42.61,15944.45,2066.22,74.84,112.15,6051.36,2474.94,2587.78,1034.38,39.56,21110,1.4,5664,148655.59,193.42,3249.17,1035.56,6731.87,8531.58,0,104.78,919.39,6943.77,4781.43,219124.39,217021.92,23094.67,5029.37,0,11165.32,39033.9,5979.65,7008.69,6789.12,1956.94,20088.93,5767.83,31082.24,2067.37,4944.48,429.11,0,0,0,581.87,2375.09,0,681.28,1536.38,0,32550.54,422.95,25.1,0
0,21548.95,0,0,0,0,0,0,0,0,0,0,0,0,0,0,0,0,0,0,0,0,0,0,0,0,9710.58,0,0,479.17,6155.27,1540.01,0,1971.28,19487.27,1231.4,353.69,0.96,1547.5,0,1014.59,15346.82,455.19,19.93,0,0.84,0.24,10118.22,978.75,212.31,471.68,2972.39,1180.14,1.22,515.35,2175.66,730.96,2581.72,1133.21,0,2913.72,41.86,664.33,4517.69,1816.26,9281.5,1659.9,6374.9,107.46,3289.26,1281.15,3703.43,17.91,152.02,3873.13,11118.01,459,4376.73,743.35,18769.31,199.89,7858.66,214124.88,1848.44,1020.04,6801.95,1327.7,24926.09,0,1531.24,840.95,9324.74,521.7,39649.59,26353.97,1646.49,1936.16,0,27143.8,2538.16,9460.59,22073.59,3469.35,69071.43,32676.43,57381.71,29920.49,4926.74,15099.91,123.09,0,0,0,159.64,2247.09,0,3153.69,3277.54,0,27557.32,1863.46,0,0
0,0,0,0,0,0,0,0,0,0,0,0,0,0,0,0,0,0,0,0,0,67.9,7137.7,85.95,0,0,3636.19,0,728.26,293.1,1200.87,0,0,973.98,10020.58,15175.33,0,0,3464.69,1290.31,3966.85,13244.52,689.98,75.75,0,215.67,667.16,337.25,2295.23,14798.52,2918.13,21257.6,4189.5,4449.08,3799.41,5232.28,2568.36,2354.85,11806.93,0,4355.42,57.85,8443.94,2036.55,628.2,210.75,58.89,3502.98,533.01,6181.45,738.91,3424.71,603.86,224.45,11373.32,4395.27,3212.99,2051.67,301.38,18316.35,3151.47,613.23,385654.78,18233.1,681.98,11056.33,23612.54,17529.67,0,522.86,2290.55,8368.28,5876.21,92553.5,27301.29,2504.96,2089.23,0,103229.46,36401.41,4858,7238.47,8613.6,3497.5,5942.87,5157.71,12926.08,6320.27,11041.34,5474.44,296.62,1014.2,49.6,2468.59,826.81,0,5989.54,5689.4,0,24588.44,0,4037.23,0
0,0,0,0,0,0,0,0,0,3302.54,0,0,0,0,0,0,0,0,0,0,512.4,649.82,3973.92,178.93,0,0,2067.2,0,0,0,4.18,0,0,5095.05,2537.65,4781.01,261.73,0,4376.8,0,46.27,4900.04,11699.59,0,13761.74,1215.44,505.9,2049.81,0,245.91,74.9,7727.94,136.8,0,488.54,7.02,8.99,3596.94,141.35,2.3,2.19,0,11220.92,33668.22,697.22,0,3.06,538.24,0,291.69,1203.86,5524.82,0,0,0,8328.68,0,10399.91,0,56381.84,36.45,70221.29,323167.83,21245.35,0,12611.93,0,6153.37,0,17493.64,2112.53,12393.4,1318.76,83032.49,30107.71,57449.93,31650.25,0,44060.6,21143.58,9676.49,1601.5,9761.61,5358.44,40784.5,50894.65,75620.26,4731.77,10768.16,18240.89,1336.44,0,144.29,0,4908.07,0,26063.13,2303.47,0,253232.34,608.7,145.25,0
0,0,0,0,0,0,0,0,0,0,0,0,0,0,0,0,0,0,0,0,0,5.84,24.26,1.09,0,0,5499.27,0,0,10263.35,9.15,0,0,297.29,0.37,0.89,98.18,0,0,0,21.85,106288.93,22899.27,0,0,0,0.03,419.57,23.42,325.49,39.35,40.72,13821.79,0.17,5.81,0.44,253.66,755.19,7745.79,0,25015.76,5.79,1.35,392.34,180.83,0,2.03,1714.96,0,4136.05,1821.66,1379.83,0,0,26523.51,1441.17,2.1,257.97,0,27533.11,4164.38,498483.62,260799.46,675.91,0,4580.86,590.67,4.88,0,0,1698.05,7860.55,28.21,268921.07,14866.18,719.13,0,0,403364.53,144445,5068.7,0,9215.52,217578.63,6428.65,58773.88,10701.05,1728.58,9146.62,16571.24,1196.84,0,0,0,115.25,0,5314.45,1156.18,0,68900.28,921.97,221.9,0
0,0,0,0,0,0,0,0,0,0,0,0,0,0,0,0,0,0,0,0,0,309.03,22.87,1.03,0,0,0,0,0,0,19121.23,0,0,0.43,27.44,0.11,814.45,0,285.28,0,81.05,38674.06,0,0,30437.04,0,0,11570.52,2.97,549.72,4319.43,412.85,8661.69,0.02,0.09,0.04,52.75,1.25,0,0,0.09,0.73,10899.61,2.34,39915.43,0,0.26,0.5,0,5748.17,223.06,1269.07,0,0,0,872.48,0.27,198.61,0,100872.84,518.79,6307.53,520219.8,97432.36,0,42803.32,3563.71,31101.4,0,15079.75,11436.61,38759.48,0,169634.99,193138.82,13059.68,18865.51,0,516183.67,1678.69,26569.5,7465.75,332.23,11104.8,133485.93,21081.08,17289.09,7135.29,12787.98,2.63,0,0,0,0,127019.53,0,2440.91,1263.63,0,162697.19,3772.42,3236.01,0
0,0,0,0,0,0,0,0,0,0,0,0,0,0,0,0,0,0,0,0,0,5364.38,0,0,0,0,21534.65,0,50786.67,30050.18,5781.03,8827.67,0,8490.63,1172.13,17090.55,1008.18,0.62,9054.19,1514.38,2343.58,2706.86,3592.84,25.24,0,1471.24,652.9,5847.67,4545.45,15183.52,5701.83,13069.39,121039.99,32.03,3002.52,616.89,3963.01,5907.57,23220.54,0,5913.43,708.06,5809.18,61099.74,1781.05,86.43,522.88,5964.37,3131.68,6809.54,19921.07,3917.39,79.6,5.65,27137.79,20391.67,2410.18,7197.73,1752.21,141097.94,2710.59,19916.28,220715.9,14162.3,10331.23,30080.95,21667.11,20833.12,0,1802.17,11547.99,56867.22,11376.21,64559.68,162324.79,19334.68,3394.07,13781.19,59315.92,4559.25,9422.45,6512.41,2098.44,4966.26,35302.45,11124.52,40928.76,13381.69,118520.44,20262.58,318.55,2158.28,0,1223.92,4313.65,566.42,13812.35,23973.78,0,83327.89,6526.04,38235.83,0
88256.62,0,1501.19,0,0,0,620.52,60597.5,0,0,0,0,0,0,0,0,0,0,0,0,0,13509.86,0,0,0,4225.58,0,0,0,1020.15,569.13,797.55,0,54938.59,127.96,493.12,7927.75,0,130.69,5040.14,1606.69,21231.47,4323.12,0,4418.94,24298.4,11.32,0,23712.13,21985.5,20378.37,49638.51,146719.67,44366.53,33397.66,4664.2,2959.25,9621.83,952.26,384.43,250.58,2001.69,964.41,15519.53,0,556.66,703.07,1360.26,0,11595.47,0,5.6,1085.83,0,42103.46,5242.95,862.91,28749.27,2501.13,0,0,744.11,10139.36,12455.73,0,2952.51,0,10113.52,0,0,0,749.41,0,0,0,0,0,0,0,2437.69,0,0,111.64,0,93614.65,61.96,3285.39,0,0,0,0,0,0,0,0,0,87.71,1.9,0,242.28,0,0,0
0,0,0,0,0,0,0,0,0,0,0,0,0,0,0,0,0,0,0,0,11.92,16198.7,52896.54,344.6,0,0,11451.73,0,1071.59,7129.53,1975.52,14111.31,0,3273.55,11445.09,11406.93,160.6,1.07,5908.93,0,872.6,3621.53,401.35,76.5,0,2932.34,0.36,326.21,1356.16,23451.58,3743.95,19589.03,5624.48,88.54,2152.46,1004.82,3704.26,1566.21,5893.67,3.34,7152.06,62.91,2108.62,4882.16,2980.16,2596.57,385.08,8860.35,2832.94,8973.93,2157.27,7841.65,268.06,528.07,16327.66,18425.94,8479.35,4701.84,0,22894.31,1449.08,56376.52,253952.62,37717.45,18497.02,9382.37,15997.88,380185.19,0,46834.98,353.41,8860.46,9605.69,93702.59,5324.38,406.8,397.85,0,5861.84,2257.16,3141.73,12789.14,23587.43,8304.63,17374.29,14973.43,9438.15,3178.6,26615.39,107.72,505.12,147.35,155.02,1365.19,1894.79,0,2785.01,4611.06,0,2939.22,451.33,6400.25,0
0,0,1081.66,0,0,0,0,104119.27,0,0,0,0,0,0,0,0,0,0,0,0,2636.57,12.28,6810.6,33.51,0,1909.06,17305.61,0,4958.81,0,843.28,845.65,0,27791.17,2149.91,6832.76,2594.14,0.46,5752.3,26030,4899.64,28123.18,19596.23,105.07,0,844.73,31895.46,1218.87,965.93,13521.93,10878.61,3928.91,16722.22,1674.32,5726.41,13354.6,4256.53,24180.99,37125.04,11.85,8790.84,16455.43,31654.78,18621.37,17875.8,1061.79,181.11,39548.96,189.04,14061.77,29755.04,14147.57,292.41,1623.32,36913.94,23171.42,10849.45,47644.54,1525.65,42966.84,818.23,85936.45,68829.21,7454.17,885.56,2919.79,19018.5,35139.39,992.28,0,0,10584.41,0,78555.02,38240.92,951.57,3141.03,0,3764.26,3447.55,207.56,638.89,0,978.18,9338.18,1667.35,7622.53,22917.17,48547.69,6825.05,0,0,69.68,0,2695.92,0,19909.42,6186.15,0,63813.67,1558.32,0,0
0,0,0,0,0,0,0,0,0,0,0,0,0,0,0,2096.51,0,194.5,3147.62,61.59,0,0,0,0,0,0,0,0,0,0,0,2811.99,0,0,0,0,22.05,0,0,0,0,0,0,0,0,0,0,0,0,0,0,0,0,0,0,0,0.11,0,55.34,0,0,0,0,0,1683.41,0,0,0,0,0,0,0,48.65,0,0,27.31,0,0,0,0,0,0,1341.75,0,0,1288.85,1204.57,0.72,0,0,0,265.38,7.32,6301.52,0,0,0,0,71.7,0,0,0,0,0,0,126.19,218.36,65.89,0,0,0,0,0,0,278.44,0,21.77,323.55,0,0,23.28,0,0
0,0,0,0,0,0,0,0,0,0,0,0,0,0,0,0,0,0,0,0,0,0,0,0,0,0,0,0,0,0,0,0,0,0,0,0,0,0,0,0,0,0,0,0,0,0,0,0,0,0,0,0,0,0,0,0,0,0,0,0,0,0,0,0,0,0,0,0,0,0,0,0,0,0,0,0,0,0,0,0,0,0,0,0,0,0,0,0,0,0,0,0,0,0,0,0,0,0,0,0,0,0,0,0,0,0,0,0,0,0,0,0,0,0,0,0,0,0,0,0,0,0,0
0,0,0,0,0,0,0,0,0,0,0,0,0,0,0,0,0,0,0,0,0,0,0,0,0,0,0,0,0,0,0,0,0,0,0,0,0,0,0,0,0,0,0,0,0,0,0,0,0,0,0,0,0,0,0,0,0,0,0,0,0,0,0,0,0,0,0,0,0,0,0,0,0,0,0,0,0,0,0,0,0,0,0,0,0,0,0,0,0,0,0,0,0,0,0,0,0,0,0,0,0,0,0,0,0,0,0,0,0,0,0,0,0,0,0,0,0,0,0,0,0,0,0
0,0,0,0,0,0,0,0,0,0,0,0,0,0,0,0,0,0,0,0,0,409.92,0,0,0,0,932.87,0,0,12.48,835.79,58.95,0,251.89,823.66,996.96,4,0,721.96,0,19.22,2844.59,493.44,0,0,0,0.04,875.55,31.02,101.94,2297.05,38.16,562.1,0.22,22.01,11.02,152.94,1925.75,464.7,0,837.42,7.67,1480.94,2841.02,386.37,0,2.69,28366.78,0,5929.2,1359.31,1918.06,0,0,1622.04,569.6,1499.68,41.62,671.14,154.33,0,4864.18,57728.42,9836.28,290.28,736.07,2165.19,3154.36,0,350.14,1048.64,1409.12,230.5,16865.45,18353.6,4469,4235.33,0,756.41,70.51,1037.61,3106.58,15.13,31.01,17674.89,6720.96,74620.18,641.81,1700,620.39,0,2521.24,2.61,0,0,129.84,2138.26,141.54,0,33178.59,958.19,181.3,0
0,0,0,0,0,0,0,0,0,0,0,0,0,0,0,0,0,0,0,0,0,0,0,0,0,0,0,0,0,0,0,0,0,0,0,0,0,0,0,0,0,0,0,0,0,0,0,0,0,0,0,0,0,0,0,0,0,0,0,0,0,0,0,0,0,0,0,0,0,0,0,0,0,0,0,0,0,0,0,0,0,0,0,0,0,0,0,0,0,0,0,0,0,0,0,0,0,0,0,0,0,0,0,0,0,0,0,0,0,0,0,0,0,0,0,0,0,0,0,0,0,0,0
0,0,0,0,0,0,0,0,0,0,0,0,0,0,0,0,0,0,0,0,0,0,0,0,0,0,0,0,0,0,1.49,0,0,3.16,245.74,0.82,0,0,0,0,4.29,716.07,0,0,0,0,0.03,167.08,21.63,2.82,36.34,0,391.96,0.16,90.16,0.19,5.65,72.57,0,0,0.67,5.35,1.24,343.54,0,7.45,2.55,3.63,1429.79,0,1308.76,0,0,0,467.79,34.09,1.93,15.19,0,13.11,230.71,13.18,433.25,4199.83,0,0,154.7,0,0,0,0,136.6,0,11990.52,219.72,1019.84,24.53,0,64.21,40.4,0,0,0,0,6593.5,396.21,1457.89,297384.68,88202.97,155820.93,0,49373.04,0,0,129.42,0,501.12,1550.65,0,8735.49,0,2905.74,0
0,0,0,0,0,0,0,0,0,0,0,0,0,0,0,0,0,0,0,0,0,0,0,0,0,0,0,0,0,0,0.01,0,0,0.03,0,0.01,0,0,0,0,0.04,0.07,0,0,0,0,0,0,0.2,0.03,0.33,0,3.55,0,0.01,0,0.05,0.08,0,0,0.01,0.05,0.01,2614.22,0,0,0.02,0.03,0,0,0,0,0,0,0,0.12,0.02,5.4,0,0,0,0,0,0,0,0,0,0,0,0,0,0,0,0,0,0,0,0,0,0,0,0,0,7653.29,0,0,0,10116.55,10320.93,25150.83,0,0,0,0,0,0,0,0,0,0,0,0,0
0,0,0,0,0,0,0,109230.22,0,2716.07,32125.44,173.49,88.32,0,0,0,0,0,1850.23,0,0,0,0,0,0,0,0,0,0,0,0,0,0,0,0,0,0,0,0,0,0,0,0,0,0,0,0,0,0,0,0,0,0,0,0,0,0,0,0,0,0,0,522.72,0,0,0,0,0,0,0,0,0,0,0,0,0,0,0,0,0,0,0,1272.36,0,0,0,0,0,0,0,0,0,0,0,0,0,0,0,0,0,0,0,0,0,0,0,0,0,0,0,0,0,0,0,0,0,0,0,0,0,0,0,0
0,0,0,0,0,0,0,0,0,0,0,0,0,0,0,0,0,0,0,0,0,0,0,0,0,0,0,0,0,0,0,0,0,0,0,0,0,0,0,0,0,0,0,0,0,0,0,0,0,0,0,0,0,0,0,0,0,0,0,0,0,0,0,0,0,0,0,0,0,0,0,0,0,0,0,0,0,0,0,0,0,0,0,0,0,0,0,0,0,0,0,0,0,0,0,0,0,0,0,0,0,0,0,0,0,0,0,0,0,0,0,0,0,0,0,0,0,0,0,0,0,0,0
0,0,0,0,0,0,0,0,0,0,0,0,0,0,0,0,0,0,0,0,0,0,0,0,0,0,0,0,0,0,0,0,0,0,0,0,0,0,0,0,0,0,773.37,0,0,0,0,0,0,0,0,0,0,0,0,0,0,0,0,0,0,0,0,0,0,0,0,0,0,0,0,0,0,0,203.09,0,0,16.24,0,0,0,0,16.41,229.58,0,0,0,0,0,0,0,2605.49,0,0,0,0,0,0,0,0,0,0,0,0,0,0,2597.53,0,154.4,0,0,0,0,0,0,0,0,0,0,0,0,0.42,0
0,0,0,0,0,0,0,0,0,0,0,0,0,0,0,0,0,0,0,0,0,0,0,0,144.56,0,529.61,0,200.63,124.86,309.46,0,0,538.4,1126.41,69.32,432.88,0,383.32,0,337.36,448.3,736.34,26.82,0,0,0.11,280.04,481.33,75.09,168.04,320.18,1406.45,57.1,285.19,26.03,60.15,323.1,282.32,0,687.66,19.05,1992.55,305.13,165.41,0,7.72,857.54,571.66,76.56,461.18,400.76,41.56,88.3,960.22,1251.56,6.89,1408.59,523.36,10585.78,25.52,1702.92,16633.98,0,0,665.63,596.86,10957.82,0,0,1069.51,3998,130.85,11317.3,6421.81,3288,957.85,0,6740.77,80.3,25.44,1504.63,104.56,579.62,2097.81,2274.29,205.87,76.58,294.97,76.55,0,0,0,752.04,82.93,0,37.02,762.48,0,0,0,0,0
0,0,0,0,0,0,0,0,0,0,0,0,0,0,0,0,0,0,0,0,0,0,0,0,0,0,0,0,0,0,0,0,0,0,0,0,0,0,0,0,0,0,0,0,0,0,0,0,0,0,0,0,0,0,0,0,0,0,0,0,0,0,0,0,0,0,0,0,0,0,0,0,0,0,0,0,0,0,0,0,0,0,0.01,0,0,0,0,0,0,0,0,0,0,0,0,0,0,0,0,0,0,0,0,0,0,0,0,0,0,0,0,0,0,0,0,0,0,0,0,0,0,0,0
0,0,0,0,0,0,0,0,0,0,0,0,0,0,0,0,0,0,0,0,0,580.92,0,0,0,0,13535,0,0,636.77,11901.36,5626.37,0,130.13,654.57,2980.37,0,0,4297.71,0,2712.48,3114.7,1092.58,414.75,0,85.73,0,14103.22,353.72,12.29,58.59,171.06,5.5,0,484.94,6.1,751.16,1166.81,44.1,0,0.01,0.07,60076.19,20759.82,0,45.48,0.03,390.15,4024.97,22322.78,3731.42,3931.53,0,0,1525.88,1479.95,1999.52,766.91,0,700.02,0,1186.94,132518.51,1118.11,0,15569.92,986.52,967.69,0,11834.49,1036.8,186.77,2583.28,39626.09,0,0,0,0,1283.5,15.7,0,82.54,0,0,5356.72,2906.54,7652.16,922.28,3998.01,255.35,0,0,0,0,1458.21,0,3646.56,2917.25,0,11296,49.07,0,0
0,0,0,0,0,0,0,0,0,0,0,0,0,0,0,0,0,0,0,0,0,0,0,0,0,0,0,0,0,0,0,0,0,0,0,0,0,0,0,0,0,0,0,0,0,0,0,0,0,0,0,0,0,0,0,0,0,0,0,0,0,0,0,0,0,0,0,0,0,0,0,0,0,0,0,0,0,0,0,0,0,0,0,0,0,0,0,0,0,0,0,0,0,0,0,0,0,0,0,0,0,0,0,0,0,0,0,0,0,0,0,0,0,0,0,0,0,0,0,0,0,0,0
0,0,0,0,0,0,0,0,0,0,0,0,0,0,0,0,0,0,0,0,0,0,0,0,0,0,0,0,0,0,0,0,0,0,0,0,0,0,0,0,0,0,0,0,0,0,0,0,0,0,0,0,0,0,0,0,0,0,0,0,0,0,0,0,0,0,0,0,0,0,0,0,0,0,0,0,0,0,0,0,0,0,0,0,0,0,0,0,0,0,0,0,0,0,0,0,0,0,0.42,5.12,0,0,0,0,1038.21,0,236.4,71.04,0,0,0,0,0,0,0,0,712.91,0,0,0,0,2222.79,0
0,0,0,0,0,0,0,0,0,0,0,0,0,0,0,0,0,0,0,0,0,0,0,0,0,0,0,0,0,0,0,0,0,0,0,0,0,0,0,0,0,0,0,0,0,0,0,0,0,39.31,0,0,0,0,0,0,0,0,0,0,0,0,0,0,0,0,0,0,0,0,0,0,0,0,0,0,0,0,0,18.6,0,0,4224.16,0,0,0,0,0,0,0,0,15.06,0,0,0,0,0,0,0,0.67,0,0,0,0,0,0,2531.35,692.02,252.1,0,0,0,0,0,0,0,1985.5,0,0,0,0,0,0
0,0,0,0,0,0,0,0,0,0,0,0,0,0,0,0,0,0,0,0,0,0,0,0,0,0,0,0,0,0,0.01,0,0,0.02,0,0,0,0,0,0,0.02,0.04,0,0,0,0,0,0,0.12,0.02,0.2,0,2.21,0,0,0,0.03,0.05,0,0,38.79,0.03,0.01,0.1,0,0,0.01,0.02,0,0,0,0,0,0,0,0.07,0.01,0.09,0,0,0,0,5.88,0,0,1570.96,0,0,0,0,110.01,0,0,0,0,0,0,0,38.82,1307.56,0,95.22,0,0,0,37.84,0,0,0,1.13,0,0,0,0,0,0,0,4430.56,0,0,0,65.08,0
0,0,0,0,0,0,0,0,0,0,0,0,0,0,0,0,0,0,0,0,0,0,0,0,0,0,0,0,0,0,0,0,0,0,0,0,0,0,0,0,0,0,0,0,0,0,0,0,0,0,0,0,0,0,0,0,0,0,0,0,0,0,0,0,0,0,0,0,0,0,0,0,0,0,0,0,0,0,0,0,0,0,0,0,0,0,0,0,0,0,0,0,0,0,0,0,0,0,0,0,0,0,0,0,0,0,0,0,0,0,0,0,0,0,0,0,0,0,0,0,0,0,0
0,0,0,0,0,0,0,0,0,0,0,0,0,0,0,0,0,0,0,0,0,0,0,0,0,0,0,0,0,0,0,0,0,0,0,0,0,0,0,0,0,0,0,0,0,0,0,0,0,0,0,0,0,0,0,0,0,0,0,0,0,0,0,0,0,0,0,0,0,0,0,0,0,0,0,0,0,0,0,0,0,0,0,0,0,0,0,0,0,0,0,0,0,0,0,0,0,0,0,0,0,0,0,0,0,0,0,0,0,0,0,0,0,0,0,0,0,0,0,0,0,0,0
0,0,0,0,0,0,0,0,0,0,0,0,0,0,0,0,0,0,0,0,0,0,0,0,0,0,0,0,0,0,0,0,0,0,0,0,0,0,0,0,0,0,0,0,0,0,0,0,0,0,0,0,0,0,0,0,0,0,0,0,0,0,0,0,0,0,0,0,0,0,0,0,0,0,0,0,0,0,0,0,0,0,0,0,0,0,0,0,0,0,0,0,0,0,0,0,0,0,0,0,0,0,0,0,0,0,0,0,0,0,0,0,0,0,0,0,0,0,0,0,0,0,0
0,0,0,0,0,0,0,0,0,0,0,0,0,0,0,0,0,0,0,0,0,0,0,0,0,0,0,0,0,0,1432.91,0,0,0,0,588.51,0,0,72263.9,0,98.83,0,0,0,0,0,0,0,0,0,0,0,0,0,0,0,0,0,0,0,0,0,0,0,0,0,0,0,0,0,0,0,0,0,0,0,0,0,0,0,0,0,0,0,0,0,719.99,0,0,0,0,0,0,0,0,0,0,0,0,0,0,0,0,0,0,0,0,0,0,0,0,0,0,0,0,0,0,0,0,0,0,0,0
0,0,0,0,0,0,0,0,0,0,0,0,0,0,0,0,0,0,0,0,0,0,0,0,0,0,0,0,0,0,0,0,0,0,0,0,0,0,0,0,0,0,2261.88,0,78467.63,0,0,0,0,0,0,0,0,0,0,0,0,0,0,0,0,0,0,0,0,0,0,0,0,0,0,0,0,0,0,0,0,0,0,0,0,0,0,0,0,0,0,0,0,0,0,0,0,0,0,0,0,0,0,0,0,0,0,0,0,0,0,0,0,0,0,0,0,0,0,0,0,0,0,0,0,0,0
21398.27,5522.56,9554.22,17624.05,14259.87,10830.6,5777.21,5332.6,0,556.97,0,0,0,0,10829.06,3664.34,0,2648.72,0,115.94,4782.49,52650.25,8084.72,3365.57,179.06,4918.15,8726.08,0,2027.76,11155.98,5670.81,5133.87,14212.47,16175.73,4813.23,33438.74,24665.48,293.35,24582.11,7886.44,3394.42,15019.35,3316.4,728.03,41399.49,8453.51,21607.09,730.8,19798.13,6370.65,8226.74,14020.54,20314.76,340.11,3654.91,19366.19,10004.17,6124.56,12385.39,33.57,7378.68,11185.69,2569.55,23370.15,1362.52,5610.79,1770.2,25580.21,13936.04,20908.54,116623.13,22489.88,452.55,7224.16,35867.31,27272.16,18216.19,27349.02,999.93,6631.62,1677.73,38051.78,167667.08,67475.35,7455.07,11644.96,90426.44,312906.14,1054.77,18399.44,1306.24,6735.92,8235.55,4583.81,1251.29,146.32,12476.26,0,10322.08,8663.23,3931.35,15810.39,37346.46,17093.85,7120.12,12755.7,10956.06,27685.24,21412.11,1016.04,201.99,32.71,585.72,133.69,1833.83,3.38,3755.87,13481.16,0,246164.17,3130.63,1403.98,0
0,0,0,0,0,0,0,0,0,0,0,0,0,0,0,0,0,0,0,0,0,0,0,0,0,0,0,0,0,0,0,0,0,310286.07,0,0,0,0,0,0,0,0,0,0,0,0,0,0,0,0,0,0,0,0,0,0,0,0,0,0,0,0,0,0,234.69,0,0,0,0,12376.19,0,0,0,0,81.89,469.29,0,12.53,0,0,0,38.32,16159.04,87.06,2039.79,695.63,52088.35,56.1,0,0,0,283.75,0,0,0,0,0,0,0,0,2.49,0,0,137.56,0,6.05,0,0,0,825.79,0,0,0,0,0,0,0,151.86,0,0,0,0,0
2328.44,1028.35,571.31,9126.49,2336.89,4422.92,1872.99,5262.75,0,34.43,1670.33,0,0,0,5477.37,1080.21,0,468.92,0,34.2,312.41,13081.78,405.47,29.74,26.9,0,625.95,0,87.51,604.5,1025.46,326.79,0,1498.55,1159.42,3638.82,4374.5,16.79,3418.28,673.16,261.07,1111.59,949.17,6.12,1287.38,834.28,242.86,97.9,1750.97,3681.24,1016.18,901.39,129.9,27.63,458.32,4820.56,911.24,2015.43,1311.99,2.44,586.81,5906.15,315.78,3424.23,217.41,461.87,36.19,3382.79,253.99,1931.1,39599.64,1389.96,50.72,346.51,3799.65,3960.07,2640.01,4024.35,114.29,5088.61,1.84,0.13,61012.58,28694.39,1203.13,1050.36,35897.38,94821.38,160.37,1482.53,81.04,1648.05,1741.4,677.15,81.28,0,0,0,1195.84,857.03,403.11,1248.64,3329.29,1653.73,4232.25,1134.04,2418.68,185.47,2822.6,151.76,30.99,7.39,91.41,301.75,239.61,1.2,388.9,1414.62,0,0,0,317.29,0
0,0,0,0,0,0,0,0,0,0,0,0,0,0,0,0,0,0,0,0,0,0,0,372.27,0,0,0,0,0,0,0,12242.34,0,1788.47,58319.23,0,3381.06,0,0,0,64.25,196.06,0,0,0,0,0,0,1251.36,6438.69,0.26,0,3572.77,0,1346.11,0,10640.24,0,2763.04,0,0,21421.76,5595.17,53419.55,163036.21,0,9247.78,1799568.33,21126.63,0,0,83.09,2102.61,0,1491.53,17017.84,2774.69,118379.57,0,228.99,0,39.87,0,31456.88,0,0,0,0,0,0,0,0,0,0,0,0,0,0,0,0,0,0,0,0,0,0,0,0,0,0,0,0,0,0,0,0,0,0,0,0,2.49,0,0
0,0,0,0,0,0,0,0,0,0,0,0,0,0,0,0,0,0,0,0,0,0,0,0,0,0,0,0,0,0,0,0,0,0,0,0,0,0,0,0,0,0,0,0,0,0,0,0,0,0,0,0,0,0,0,0,0,0,0,0,0,0,0,0,0,0,0,0,0,0,0,0,0,409.73,236.9,7.94,0,0,0,0,0,0,1627.85,0,0,0,0,0,0,0,0,0,0,0,0,0,0,0,0,0,0,0,0,0,0,0,0,0,0,0,0,0,0,0,0,0,0,230.06,0,0,0,0,0
0,0,0,0,0,0,0,0,0,0,0,0,0,0,0,0,0,0,0,0,0,0,0,0,0,0,0,0,0,0,775.35,0,0,0,23,0,0,0,0,0,0,0,0,0,0,0,0,0,0,0,0,0,0,0,16.97,0,0,0,0,0,0,0,0,0,0,0,0,0,0,0,0,0,0,0,0,0,0,0,0,147.41,0,0,823.78,0,0,0,0,0,0,0,0,608.64,0,0,0.8,0,0,0,110.09,0,110.22,0,0,0,13.96,32.49,1026.98,0,490.21,0,0,0,0,0,2562.44,0,4128.31,668.63,0,0,80.33,178.57,0
