3467661.49,3554558.97,3643316.486,3733720.559,3825560.921,3919403.447,4015248.038,4112529.911,4210684.176,4309145.862,4408291.453,4508497.747,4609195.019,4709832.417,4809830.517
2378401.08,2440784.685,2503821.728,2567812.933,2633097.724,2700087.797,2768486.405,2837847.339,2907722.511,2977655.921,3047951.158,3118910.508,3189861.624,3261005.216,3331230.075
771134.87,790445.3224,810172.4758,830266.6522,850678.7083,871534.3666,892835.0678,914455.506,936270.3603,958154.3312,980190.9166,1002463.693,1024847.353,1047216.547,1069445.942
2704780.47,2768223.575,2834087.58,2901508.965,2969569.83,3038674.813,3109286.294,3181055.454,3253636.202,3326694.637,3400453.695,3475138.935,3550744.896,3625940.116,3701385.287
49355.08,50520.20088,51727.82991,52963.40783,54211.48074,55479.49537,56775.09431,58091.75494,59422.9996,60762.55201,62114.60167,63483.38189,64868.0388,66245.8263,67626.88843
62.77,64.34186135,65.94764195,67.58329806,69.24482941,70.94246975,72.67633638,74.43622944,76.21194787,77.99329236,79.78705961,81.60005266,83.4220716,85.24291302,87.05237487
-100.53,-103.0569414,-105.6360796,-108.2624666,-110.9313486,-113.6591962,-116.4451832,-119.2727729,-122.1254204,-124.9865568,-127.8672225,-130.7784627,-133.7029794,-136.6264085,-139.5299711
6625.66,6780.227936,6940.914686,7105.46949,7271.497312,7439.982214,7612.146739,7787.154241,7964.175303,8142.412753,8322.398951,8504.673145,8689.307271,8872.864482,9057.179483
1818665.53,1865242.591,1912570.964,1960699.785,2009693.021,2059855.947,2111081.625,2163052.647,2215450.901,2267955.403,2320779.948,2374137.953,2427629.166,2481173.118,2534208.758
99820.45,102442.8841,105091.7985,107780.4929,110523.9465,113339.4738,116214.1704,119129.2198,122065.7239,125004.4406,127958.1803,130939.6964,133920.3434,136909.4229,139859.215
1057465.46,1084977.269,1112829.859,1141120.829,1169962.031,1199534.609,1229730.584,1260356.316,1291217.477,1322116.855,1353185.768,1384555.073,1415948.576,1447408.796,1478499.32
52676.69,54058.63798,55454.99575,56872.46867,58318.62283,59802.57882,61317.73453,62854.20142,64402.04916,65951.17142,67508.29665,69080.12424,70651.73481,72227.63176,73783.13246
208810.25,214042.0335,219386.0172,224829.2057,230358.7856,236008.8243,241779.4093,247636.5496,253546.2486,259474.5075,265443.9822,271477.3488,277540.3886,283599.7496,289620.7652
194490.91,199406.9138,204417.8071,209518.3952,214704.2168,220007.3676,225423.3443,230919.5781,236463.4665,242022.2836,247617.8329,253271.9128,258948.3001,264624.8698,270258.3026
91592.57,94028.17726,96481.5214,98969.51983,101511.0158,104122.145,106787.9392,109490.5125,112211.8852,114933.6792,117668.1274,120427.3939,123182.2262,125947.2578,128671.1775
56831.34,58341.0334,59862.07925,61404.72509,62980.39302,64599.08185,66251.6694,67927.09076,69614.22371,71301.7032,72997.09412,74707.91971,76416.18629,78130.65117,79819.87472
28958.44,29744.33378,30532.29286,31330.21126,32146.79963,32987.29376,33845.27232,34714.74553,35589.68366,36463.88625,37341.47913,38226.55783,39108.27076,39994.53781,40865.07288
2307585.45,2369087.696,2431005.604,2493787.81,2557933.299,2623849.779,2691145.259,2759366.177,2828056.512,2896749.809,2965756.538,3035385.363,3104885.172,3174653.656,3243362.284
659972.43,676676.2535,693697.1063,711020.9266,728636.4322,746652.7223,765052.1506,783723.7303,802556.3473,821438.4053,840444.2531,859648.2089,878925.1106,898204.4933,917333.6684
106345.33,109186.7929,112045.818,114944.2257,117906.2504,120950.7418,124058.875,127209.5971,130381.7368,133553.6223,136739.6776,139954.2399,143161.973,146382.6861,149553.3259
215317.21,221302.8475,227272.0324,233306.3149,239495.1823,245878.7696,252394.1676,258993.8329,265629.8325,272252.5622,278895.0183,285589.8936,292242.1099,298940.1248,305496.6194
753679.34,774201.6841,794762.4625,815578.1329,836887.3049,858826.8264,881222.2722,903916.3029,926750.4944,949561.7858,972458.6742,995548.8297,1018542.896,1041661.236,1064358.312
230295.17,236352.1389,242468.6867,248676.5847,255011.5677,261513.639,268152.3053,274884.0122,281665.0125,288450.7464,295270.879,302154.9401,309036.1572,315937.3967,322746.8284
1014.97,1040.713887,1066.933004,1093.614584,1120.750857,1148.510073,1176.859217,1205.626436,1234.639648,1263.725873,1293.000348,1322.578237,1352.261475,1381.953156,1411.404319
0,0,0,0,0,0,0,0,0,0,0,0,0,0,0
23784.06,24435.87936,25087.97436,25747.84923,26423.76221,27120.06736,27830.81349,28550.94678,29275.37648,29998.85366,30724.87054,31456.89091,32185.35939,32918.10137,33636.82611
90014.47,92269.39363,94572.77594,96918.94937,99302.31943,101737.5686,104224.778,106749.3034,109296.4982,111851.7161,114424.7172,117025.2703,119638.6654,122250.4406,124845.756
8557.12,8772.137969,8991.615811,9215.120218,9442.233441,9674.356814,9911.428062,10152.04117,10394.78948,10638.2645,10883.40477,11131.14926,11380.03321,11628.81823,11875.92525
238946.56,244975.0339,251122.5922,257381.0526,263742.9868,270247.7316,276890.9492,283632.8631,290433.6629,297253.4181,304118.7336,311056.2135,318022.4887,324988.0477,331902.5434
444.56,455.6924945,467.0652176,478.6495298,490.4170999,502.4404071,514.720282,527.1844856,539.7607702,552.3769006,565.0810135,577.9212906,590.8254923,603.7213543,616.5366222
1078.19,1107.531976,1136.932658,1166.699029,1197.169542,1228.539827,1260.562131,1293.011722,1325.662326,1358.281083,1391.022934,1424.041646,1456.924959,1489.984658,1522.444582
12253.49,12579.05345,12907.05204,13239.7043,13579.48274,13928.54368,14284.91429,14646.20766,15010.02448,15373.91294,15739.50502,16108.42372,16476.7837,16846.48482,17210.73392
15497.08,15917.93202,16339.82626,16767.03248,17204.26116,17654.31659,18113.73239,18579.29716,19047.77796,19515.84968,19985.72485,20459.59963,20931.63828,21406.13771,21872.16957
194052.43,198911.8137,203876.0582,208932.6623,214069.2594,219317.4868,224677.7071,230118.3878,235607.9924,241114.9898,246660.3919,252265.2303,257897.9721,263527.0736,269120.9954
-70868.53,-72642.70651,-74455.28698,-76301.62801,-78177.1289,-80093.33967,-82050.44444,-84036.93764,-86041.31265,-88052.0662,-90076.86396,-92123.37908,-94180.14474,-96235.54024,-98278.17172
0.65,0.666277041,0.682905325,0.699842978,0.717048576,0.734628092,0.752582741,0.7708069,0.789194936,0.80764123,0.826216166,0.84499019,0.863857679,0.882712975,0.901450433
6825.11,7012.976762,7200.739282,7390.682717,7585.319349,7785.905567,7990.646207,8198.073685,8406.709284,8615.026589,8824.04109,9034.759683,9244.357387,9455.250221,9661.979165
25474.32,26112.23778,26763.92121,27427.72919,28102.03828,28791.00169,29494.66703,30208.89483,30929.54513,31652.47869,32380.45385,33116.23154,33855.67225,34594.63508,35328.97968
33201.32,34089.8989,34983.63286,35889.5699,36815.53088,37767.41311,38739.18317,39724.2372,40715.93357,41707.47015,42703.37408,43708.14458,44710.60124,45717.23333,46707.97932
168646.5,172869.6785,177183.9891,181578.5674,186042.6656,190603.7793,195262.2234,199990.5937,204761.4827,209547.4873,214366.8687,219237.9048,224133.191,229025.3135,233886.8622
981151,1007546.826,1034064.366,1060933.905,1088410.363,1116669.176,1145517.445,1174757.12,1204188.948,1233608.542,1263151.921,1292954.2,1322671.124,1352522.931,1381881.645
93893.91,96427.93029,98971.8089,101548.8693,104184.8975,106896.7498,109665.1135,112470.8664,115294.7659,118117.056,120950.8835,123809.3049,126658.5661,129521.4068,132335.6787
367279.92,377192.1349,387142.9078,397223.475,407534.7053,418142.5356,428971.4185,439946.5547,450992.6735,462032.4955,473117.4474,484298.6014,495443.9213,506642.3612,517650.8137
1872971.23,1923509.969,1974247.426,2025647.366,2078222.555,2132309.163,2187522.927,2243482.599,2299804.535,2356094.871,2412615.71,2469627.353,2526457.414,2583557.582,2639690.505
30731.2,31519.47645,32320.17257,33134.31676,33963.20423,34812.00387,35678.77718,36558.13468,37444.67413,38332.94128,39226.5689,40129.18264,41033.89443,41939.60086,42836.50519
13.12,13.44854582,13.78418134,14.12606134,14.47334972,14.82818549,15.19059317,15.55844082,15.92959624,16.30192761,16.67685554,17.05580199,17.43663501,17.8172219,18.19543027
7233.84,7422.303249,7613.039031,7806.757131,8004.268311,8206.813934,8413.627379,8623.378467,8834.732134,9046.33285,9259.083193,9473.882464,9688.814748,9904.225442,10117.06187
43721.26,44815.60531,45933.6894,47072.61452,48229.50655,49411.48934,50618.69845,51844.04005,53080.41978,54320.74594,55569.7444,56832.14575,58100.89653,59368.78474,60628.83391
1019256.94,1042574.283,1066935.93,1091921.618,1117082.844,1142567.09,1168611.537,1195097.218,1221906.581,1248928.33,1276236.851,1303907.841,1331998.979,1359885.791,1387968.676
0,0,0,0,0,0,0,0,0,0,0,0,0,0,0
779188.62,798700.7512,818633.9354,838937.9759,859563.216,880636.6912,902159.8574,924006.1,946048.7891,968161.3167,990428.0527,1012933.446,1035550.882,1058153.7,1080615.26
1501.59,1539.192219,1577.605858,1616.734181,1656.481494,1697.09261,1738.570335,1780.670667,1823.149575,1865.76307,1908.673743,1952.044338,1995.630851,2039.189195,2082.475316
179994.78,184332.6327,188805.663,193375.0345,197999.8117,202707.9042,207517.7225,212403.6027,217339.9872,222301.8024,227305.774,232368.7388,237478.6028,242570.8624,247659.7486
207949.32,213674.8855,219396.9193,225185.3018,231116.8541,237229.8698,243469.4836,249790.9474,256149.1726,262497.6126,268867.2337,275288.7394,281675.8964,288102.6472,294402.2571
233959.21,239998.2442,246123.3713,252348.4985,258690.0605,265187.7286,271822.7125,278553.1818,285337.1844,292132.2657,298966.699,305868.6825,312781.9493,319705.9629,326556.4374
5604.91,5759.946164,5914.727535,6071.252291,6231.71505,6397.153989,6566.014231,6737.074573,6909.104179,7080.830904,7253.101023,7426.753338,7599.391369,7773.156477,7943.371556
1729569.98,1772881.183,1817127,1862196.009,1907977.986,1954754.915,2002530.025,2051022.27,2099950.568,2149033.887,2198459.504,2248414.871,2298618.938,2348790.559,2398648.626
101601.66,104137.7003,106730.4838,109372.1428,112054.7722,114794.867,117593.4942,120434.3182,123301.0064,126177.2525,129073.9236,132001.9018,134945.5098,137886.5212,140810.5334
872840.41,894697.7321,917026.714,939771.1261,962875.3431,986481.6694,1010591.736,1035063.709,1059755.74,1084526.004,1109469.011,1134679.36,1160015.217,1185334.7,1210495.947
88925.39,91132.88371,93392.75626,95696.17072,98034.09808,100420.8725,102858.7224,105333.6068,107831.4956,110338.4155,112863.6801,115416.6224,117984.7495,120549.5852,123101.6378
1174.26,1203.665351,1233.705242,1264.304024,1295.386863,1327.145205,1359.581245,1392.50417,1425.723147,1459.047371,1492.603993,1526.520278,1560.605413,1594.668521,1628.518747
2899670.54,2977373.144,3055504.124,3134694.722,3215644.959,3298870.712,3383834.629,3469957.891,3556658.315,3643339.426,3730398.199,3818229.117,3905845.842,3993835.431,4080420.732
668322.77,686302.2437,704364.7045,722666.9563,741382.5785,760631.0678,780281.068,800197.6824,820245.1944,840284.3933,860407.9233,880707.8147,900949.6098,921283.2522,941281.0801
2212237.34,2271454.414,2331012.701,2391383.451,2453089.544,2516524.009,2581283.75,2646928.528,2713015.585,2779091.438,2845457.899,2912414.918,2979216.502,3046297.152,3112317.54
856381.44,880790.3536,904999.1293,929428.9007,954540.2693,980497.9663,1006987.568,1033807.243,1060753.224,1087613.393,1114528.806,1141638.983,1168504.82,1195603.361,1222035.085
205349.39,210806.1725,216303.5749,221878.9122,227573.7669,233424.283,239397.3085,245452.8246,251550.6043,257649.538,263776.9892,269960.17,276133.8826,282330.1416,288434.8871
160895.86,164972.4191,169125.3047,173351.7802,177649.8435,182046.1283,186535.8738,191091.9312,195687.1181,200294.1222,204931.1393,209616.3555,214318.8215,219022.2537,223688.3237
17574.56,18036.63466,18503.28998,18976.92609,19460.24361,19956.29403,20462.76653,20976.34053,21493.68087,22011.39078,22531.73162,23056.95451,23581.97921,24108.51913,24628.07914
388880.76,399368.7691,409899.2083,420567.527,431479.2795,442704.22,454163.1228,465776.9409,477466.1332,489149.0518,500880.031,512713.0338,524508.9843,536360.577,548012.2465
462861.74,475328.2421,487848.9936,500534.9098,513508.7134,526853.2868,540476.1186,554283.4783,568181.0581,582072.0896,596020.9706,610091.6661,624120.3378,638213.8307,652072.2589
9407.18,9642.750857,9883.405105,10128.53672,10377.54619,10631.96722,10891.8174,11155.56809,11421.69049,11688.65605,11957.48337,12229.19202,12502.25336,12775.13823,13046.31767
73100.16,75068.257,77045.08908,79048.05291,81096.40005,83203.21384,85353.96373,87533.86259,89728.03262,91921.20953,94123.55151,96345.14882,98560.2021,100785.4298,102973.6628
25905.2,26634.24867,27359.32592,28091.67445,28843.60872,29620.0329,30412.42865,31214.88759,32021.44872,32825.92482,33632.43095,34445.04078,35251.41397,36064.04481,36858.11186
889143.35,912100.5758,935383.569,959046.2045,983152.0457,1007851.915,1033073.722,1058658.36,1084446.256,1110275.906,1136254.865,1162490.398,1188768.025,1215087.028,1241125.454
452865.95,463987.8701,475403.3944,487048.2224,498855.5006,510897.2104,523197.5039,535687.4144,548298.108,560961.3808,573722.7049,586627.718,599624.9507,612595.342,625521.3597
52124.94,53606.80828,55077.34858,56561.58042,58086.87554,59663.22822,61271.90755,62900.70956,64537.31471,66168.90615,67804.00724,69451.04988,71083.69368,72730.18101,74336.74028
15235.26,15622.41479,16016.54093,16417.56325,16825.49112,17242.85622,17669.08566,18101.58454,18537.75398,18974.97962,19415.00307,19859.56442,20305.61724,20751.85762,21194.36259
580097.17,594943.3515,610031.5128,625375.6489,640994.3492,656984.8981,673314.2986,689881.5289,706585.3483,723323.6298,740164.3977,757175.5599,774230.5059,791301.3977,808211.9552
936947.4,962610.2929,988287.3608,1014271.842,1040886.484,1068302.683,1096287.581,1124642.401,1153166.921,1181654.732,1210243.163,1239068.433,1267755.618,1296609.909,1324914.565
2902989.25,2984746.389,3066045.405,3148155.574,3232467.044,3319529.879,3408383.264,3498363.857,3588802.381,3679004.047,3769430.948,3860540.51,3950943.931,4042053.505,4131072.693
317026.01,325906.546,334747.7647,343680.5822,352848.4868,362311.1433,371968.7312,381749.8221,391582.3701,401391.6787,411227.4308,421138.8255,430979.0434,440892.3578,450585.6549
8234874.57,8461419.125,8687866.342,8916952.96,9151688.086,9393586.546,9640495.931,9890648.208,10142261.99,10393498.71,10645581.54,10899723.35,11152528.5,11406885.63,11656240.74
547803.41,562627.5613,577500.2897,592564.0938,607976.3629,623835.7812,640025.4103,656432.8413,672944.9366,689445.4493,706011.7345,722720.5967,739371.0598,756104.1045,772546.8867
2105766.72,2158501.336,2212373.217,2267247.163,2322989.469,2379943.476,2438112.814,2497155.247,2556728.492,2616490.321,2676668.79,2737492.17,2798617.991,2859704.548,2920408.86
2177119.37,2231807.866,2287634.81,2344487.258,2402256.006,2461297.441,2521597.511,2582798.849,2644543.938,2706474.84,2768830.064,2831848.244,2895158.407,2958441.994,3021301.558
236003.11,241940.693,247999.6131,254169.116,260438.9745,266847.9,273393.3811,280036.483,286738.2482,293459.6475,300226.6868,307065.3805,313934.5768,320801.6699,327621.199
83170.64,85017.03159,86961.22746,88959.88842,90966.63295,92993.01851,95064.40077,97172.26245,99308.23795,101464.6315,103646.5952,105859.4187,108113.5051,110346.194,112604.5979
603174.76,618816.4485,634663.9151,650764.6395,667173.5662,683993.586,701168.5413,718589.059,736145.4051,753726.3454,771405.9514,789258.0615,807130.2922,825036.3011,842740.2314
251728.16,258989.6284,266172.8941,273415.6668,280868.3936,288580.2299,296449.517,304415.0967,312415.1843,320385.2969,328368.3095,336406.5979,344362.3246,352393.7236,360214.1651
2481765.39,2550336.016,2618811.031,2688062.833,2759049.791,2832230.942,2906926.015,2982595.905,3058697.297,3134668.797,3210883.869,3287712.709,3364101.979,3440983.843,3516307.09
3324.55,3408.368682,3493.857126,3580.89222,3669.36059,3759.809057,3852.183412,3945.93145,4040.500532,4135.336513,4230.80861,4327.286071,4424.171322,4521.041768,4617.211704
675089.08,692984.4491,711023.1718,729320.8695,748006.6174,767198.8675,786793.3116,806659.3148,826665.5868,846678.0599,866785.9762,887078.1041,907344.5461,927681.4266,947725.0294
2596421.71,2665157.729,2734465.299,2804774.587,2876566.316,2950295.294,3025569.978,3101889.853,3178751.94,3255642.831,3332904.284,3410876.281,3488760.69,3566908.426,3643943.797
525293.4,539902.7841,554470.5384,569196.6865,584300.7033,599880.5597,615782.0698,631889.1041,648084.5787,664247.314,680457.9174,696796.2521,713029.6877,729375.4145,745374.7337
1176207.45,1208549.546,1240881.277,1273590.997,1307105.753,1341641.777,1376893.323,1412608.193,1448532.293,1484403.403,1520395.974,1556682.995,1592781.06,1629099.47,1664706.16
398584.01,410168.5082,421609.776,433139.8042,445011.89,457304.601,469847.7206,482542.5767,495289.4495,507984.1014,520695.8349,533493.1144,546148.9094,558931.8053,571365.6982
2658208.56,2735689.039,2812164.652,2889218.244,2968577.671,3050768.789,3134632.735,3219506.759,3304720.978,3389574.755,3474533.895,3560058.496,3644611.996,3730031.78,3813085.706
461942.02,474631.1732,487319.1269,500156.3392,513308.2973,526859.8153,540692.1831,554706.6244,568803.6261,582880.5208,597005.6129,611246.6392,625415.0467,639668.9148,653645.4783
438241.13,449239.161,460468.689,471905.3022,483525.2038,495400.0443,507528.1077,519837.6793,532257.0202,544714.3366,557257.4686,569934.2877,582671.1754,595401.8373,608048.9474
865283.55,887608.6049,910254.2915,933270.4481,956716.1297,980737.9744,1005267.547,1030150.349,1055231.442,1080354.054,1105622.59,1131141.182,1156702.737,1182303.204,1207633.407
14875736.51,15257086.3,15644497.85,16038433.12,16439480.28,16850139.49,17269496.2,17694946.3,18123879.63,18553661.51,18986046.78,19422786.94,19860570.36,20298816.51,20732840.43
17272.66,17705.33993,18147.32115,18597.51421,19054.84351,19522.12636,19999.37956,20483.79334,20972.55747,21462.86179,21956.57895,22455.58324,22957.05326,23458.21142,23956.21322
478408.08,490989.6349,503695.1822,516590.5608,529749.8302,543256.0839,557046.083,571029.3703,585115.0886,599210.6955,613377.8,627677.7303,641971.8773,656307.5339,670452.6454
1671428.31,1716328.008,1761449.946,1807175.722,1853928.024,1902005.148,1951085.588,2000833.366,2050910.495,2100970.439,2151243.821,2201959.768,2252538.566,2303341.554,2353316.033
164951.31,169081.955,173301.7354,177600.0247,181966.3107,186427.4864,190983.86,195608.6276,200274.9823,204956.1215,209669.9061,214434.2135,219222.2398,224007.1717,228762.1997
224724.37,230288.9456,235989.0212,241800.014,247696.6719,253715.1003,259862.424,266103.4562,272403.0464,278726.2278,285096.3081,291536.6521,298017.1069,304488.0678,310929.1424
3583.95,3669.902617,3758.640787,3849.323697,3941.063235,4034.411557,4129.780044,4226.666576,4324.571423,4423.005676,4522.295518,4622.769572,4724.229551,4825.303736,4926.383272
130312.72,133885.0348,137458.636,141074.8001,144778.9478,148594.9435,152490.0739,156436.6281,160406.692,164371.4823,168350.1489,172361.6859,176353.638,180369.0885,184307.566
327800.61,336009.4574,344395.3959,352937.3395,361614.4318,370480.1175,379534.9883,388725.774,397999.1979,407301.9918,416669.6528,426137.7114,435652.8813,445161.9182,454611.4945
891352.76,917727.7223,943677.5738,969796.4186,996732.1542,1024664.451,1053162.691,1081996.305,1110932.077,1139725.366,1168538.793,1197532.849,1226152.405,1255095.526,1283177.294
261.67,270.0737661,278.2048884,286.344004,294.7962121,303.6198579,312.6180447,321.7091081,330.8101777,339.8331616,348.8365782,357.8779584,366.7274398,375.7273914,384.3603866
-263.26,-269.8524521,-276.587163,-283.447173,-290.4157048,-297.5356793,-304.8075883,-312.1886532,-319.6360904,-327.1071236,-334.6302583,-342.2340268,-349.8756503,-357.5123352,-365.1012938
184.66,188.236684,192.1474479,196.2120527,200.2366474,204.2424633,208.3415399,212.5260214,216.7887279,221.1254432,225.5390815,230.0331495,234.6836517,239.2427654,243.949208
13445.34,13788.05872,14136.69513,14491.35148,14852.21838,15221.53894,15598.69574,15981.37657,16367.26501,16754.02802,17143.21971,17536.39225,17930.75098,18325.36328,18716.49797
485091.02,496889.4049,509027.9972,521419.4474,533972.1635,546762.275,559827.9098,573097.6243,586500.1919,599965.3854,613540.0383,627271.2242,641115.4447,654921.2652,668699.3958
177808.32,182408.618,187071.9644,191810.6402,196638.9866,201587.2442,206639.9967,211765.2279,216930.8223,222104.2524,227307.1793,232561.2016,237822.4786,243092.8171,248305.4279
1623434.35,1664864.886,1706998.859,1749856.58,1793469.676,1838109.409,1883695.946,1929949.053,1976587.96,2023329.746,2070362.869,2117875.525,2165525.259,2213209.771,2260465.83
3217509.31,3303970.451,3390852.93,3478895.976,3568918.301,3661494.372,3756002.201,3851794.414,3948219.756,4044610.426,4141410.85,4239062.554,4336446.656,4434264.754,4530482.971
272887.44,279818.4322,286875.0881,294055.4895,301359.1856,308831.4926,316462.5287,324205.8904,332015.1052,339843.4333,347722.0118,355681.9522,363669.0484,371659.2055,379583.0696
31635.09,32429.3772,33240.29083,34066.12941,34905.24084,35762.80051,36638.64427,37527.58727,38424.44271,39324.01873,40229.77492,41145.1729,42064.86015,42984.12971,43897.30274
77248.88,79224.06175,81231.87306,83273.88571,85352.25946,87479.93385,89652.70848,91857.16912,94079.87363,96307.26692,98548.37785,100812.2208,103082.1194,105353.989,107604.8212
41210.33,42242.55603,43296.99437,44371.0309,45462.08336,46576.87267,47715.4488,48871.1099,50037.15317,51206.8762,52384.74537,53575.23107,54771.6111,55967.23933,57155.35282
1583321.83,1624446.578,1666096.81,1708407.708,1751534.907,1795749.048,1840895.721,1886686.437,1932831.717,1979037.956,2025500.66,2072414.689,2119373.398,2166426.282,2212937.386
126007.83,129218.4177,132484.7614,135807.6064,139188.5089,142648.4801,146181.8746,149767.0506,153382.328,157005.8743,160652.2329,164335.9296,168030.9073,171728.1503,175393.03
137925.52,141814.414,145680.5386,149584.9199,153594.3858,157735.1085,161960.9601,166240.3292,170541.3197,174830.8107,179130.83,183463.1814,187761.4268,192093.5991,196325.6797
150602.93,154374.2686,158226.9891,162151.3893,166137.8715,170210.9894,174371.0244,178593.5041,182853.9533,187127.9011,191431.6545,195781.5361,200153.0733,204521.7853,208863.1945
45865.67,47014.21985,48187.55429,49382.71859,50596.78978,51837.24561,53104.17176,54390.11527,55687.62229,56989.24024,58299.93542,59624.67879,60956.01731,62286.49543,63608.65857
32860.7,33683.58457,34524.22619,35380.50793,36250.3356,37139.06669,38046.76257,38968.08355,39897.68927,40830.24028,41769.29472,42718.41406,43672.25853,44625.48657,45572.75729
23048.33,23625.77795,24215.61778,24816.40984,25426.73408,26050.3506,26687.2725,27333.7486,27986.02708,28640.35598,29299.23552,29965.16813,30634.38011,31303.18329,31967.75956
1592.25,1632.224105,1673.035892,1714.599116,1756.829967,1799.988901,1844.068057,1888.806553,1933.94341,1979.217406,2024.802606,2070.87318,2117.160109,2163.425698,2209.385089
364335.77,373459.3213,382779.75,392273.5851,401917.6078,411771.2178,421835.096,432050.0393,442356.8378,452696.2917,463107.8509,473631.0024,484206.5428,494775.2486,505277.9039
5158.77,5287.953954,5419.925551,5554.352469,5690.905961,5830.427091,5972.92549,6117.562878,6263.500876,6409.901247,6557.322583,6706.323996,6856.067192,7005.713621,7154.424802
198479.18,203449.4166,208526.9061,213698.8622,218952.636,224320.5867,229803.0851,235367.8793,240982.7134,246615.3372,252287.2418,258019.9385,263781.1752,269538.6885,275260.2196
28492.73,29206.28778,29935.23016,30677.7303,31431.98181,32202.63048,32989.72377,33788.63059,34594.71927,35403.35878,36217.63516,37040.63735,37867.72987,38694.29243,39515.6802
1533394.77,1572593.22,1612441.388,1652969.021,1694217.425,1736443.372,1779564.447,1823314.568,1867427.103,1911633.205,1956111.951,2001042.135,2046093.643,2091183.518,2135857.355
485936.55,498115.577,510554.8658,523224.7823,536096.1658,549248.3294,562681.0724,576315.2124,590071.5508,603870.8732,617765.9662,631809.6595,645921.938,660025.9734,674040.1187
179813.82,184367.8595,189007.6107,193729.7202,198531.6309,203443.0928,208458.9809,213548.9934,218682.7917,223829.8975,229010.6159,234245.2425,239499.3749,244754.4329,249968.0527
76226.46,78175.35682,80156.48323,82171.3673,84222.11539,86321.4946,88465.37531,90640.52386,92833.67913,95031.46894,97242.80033,99476.56613,101716.3251,103958.0171,106178.9745
1276.28,1308.709319,1341.723355,1375.315296,1409.485369,1444.44563,1480.14843,1516.376457,1552.912069,1589.536336,1626.395103,1663.634089,1700.998416,1738.378186,1775.445588
158020.91,162150.237,166326.4315,170566.9926,174891.7879,179328.0397,183857.6784,188451.3842,193079.7228,197712.7774,202370.467,207072.632,211776.1642,216491.1886,221147.8372
181822.96,186639.5492,191495.4645,196421.3316,201451.3579,206617.4192,211891.7633,217239.274,222624.6604,228011.8926,233424.9542,238887.7028,244343.9305,249818.8607,255215.3547
3123593.58,3206552.843,3290139.933,3374915.301,3461503.729,3550454.631,3641268.473,3733337.464,3826050.676,3918783.883,4011952.589,4105970.017,4199848.94,4294067.085,4386900.887
513014.9,527121.6034,541223.7042,555490.6452,570108.7518,585172.3389,600548.0129,616125.7672,631794.7679,647440.6364,663139.4675,678966.7173,694711.5068,710552.4325,726082.8708
11422.61,11713.37859,12009.26211,12310.28456,12616.53985,12929.93035,13249.97323,13574.7124,13902.18845,14230.42895,14560.74784,14894.45762,15229.22364,15564.17224,15896.23393
10504.42,10812.54276,11116.25983,11422.1385,11737.34463,12063.97269,12397.23596,12734.47434,13072.99831,13409.99129,13747.3257,14086.85035,14422.29649,14761.32908,15090.67701
11895.89,12236.01588,12573.12355,12913.234,13262.93047,13624.51024,13993.49215,14367.05011,14742.33036,15116.36022,15491.11643,15868.55381,16242.46509,16619.69821,16987.48487
978336.84,1005259.421,1032168.612,1059390.862,1087285.082,1116031.309,1145372.958,1175099.807,1205000.043,1234855.034,1264810.232,1295009.859,1325049.675,1355274.556,1384903.769
421.93,432.4958031,443.289606,454.2842273,465.4527779,476.8640475,488.5188244,500.3485469,512.284645,524.2585606,536.3159799,548.5026321,560.7499549,572.9893626,585.1522787
12286.45,12594.12239,12908.43405,13228.59347,13553.81766,13886.10973,14225.49264,14569.96991,14917.5448,15266.22092,15617.32864,15972.19957,16328.83721,16685.24436,17039.42411
18200.25,18656.01341,19121.61176,19595.87256,20077.63592,20569.86913,21072.6062,21582.88967,22097.76174,22614.26508,23134.37043,23660.05032,24188.34728,24716.30281,25240.95883
1437143.96,1477640.612,1517905.492,1558570.539,1600327.82,1643449.837,1687458.56,1732025.127,1776817.723,1821491.841,1866276.606,1911398.82,1956168.697,2001290.026,2045372.657
287062.15,295603.6981,303997.7291,312443.1983,321157.0076,330197.4222,339420.7028,348751.5912,358113.9459,367427.8117,376746.3346,386121.9485,395371.0725,404728.3831,413800.1057
21861161.9,22408600.41,22967852.12,23537508.69,24116176.94,24707421.01,25311281.76,25924206.83,26542643.48,27163039.53,27787762.11,28419180.54,29053742.45,29687894.25,30318082.86
166749.34,171018.3634,175356.6134,179768.3505,184259.1752,188857.0643,193552.3754,198316.0384,203118.9193,207931.6253,212773.7341,217664.7892,222568.2467,227476.4119,232338.2337
35095566.09,36122148.07,37134651.29,38154556.91,39205308.17,40293878.56,41404580.94,42528588.48,43656977.78,44780409.18,45905091.77,47037157.26,48155951.57,49286487.82,50385161.86
465498.96,479930.281,493992.5754,508101.7408,522710.3893,537917.9205,553429.362,569110.4026,584824.9224,600428.9776,616018.2133,631686.8023,647078.3135,662693.9749,677746.3507
13046455.89,13415833.99,13782717.15,14153122.99,14533637.95,14926750.6,15327935.03,15734168.84,16142401.71,16549463.17,16957461.72,17368483.81,17776090.67,18187034.73,18588247.77
11864.42,12184.30479,12505.50542,12830.91866,13163.74827,13506.12159,13855.63168,14209.86892,14566.40865,14922.7622,15280.58572,15641.52406,16001.34381,16362.85313,16718.27945
3390589.96,3481844.339,3573510.914,3666391.534,3761373.67,3859063.897,3958791.604,4059871.587,4161614.459,4263312.992,4365437.841,4468456.522,4571175.575,4674363.905,4775841.746
63482.35,65105.9795,66756.3241,68434.74699,70143.10041,71892.02171,73678.01158,75490.03695,77317.04149,79147.8748,80989.96398,82850.72397,84716.40526,86583.74365,88433.7168
2106806.96,2166995.795,2226660.994,2286861.068,2348753.457,2412744.607,2478046.085,2544158.409,2610577.232,2676777.277,2743107.842,2809914.363,2876102.443,2942874.74,3007982.448
18270.24,18752.13589,19238.45149,19731.92787,20235.63853,20752.76875,21280.75304,21816.10703,22355.33017,22894.85359,23437.05309,23984.29303,24531.13719,25079.685,25620.71247
14789.75,15241.67651,15683.35076,16126.92866,16585.64623,17062.60582,17549.13753,18041.11326,18534.35171,19024.44158,19514.31435,20006.85833,20491.41527,20982.54132,21456.907
241514.28,248871.3307,256066.0719,263293.337,270765.2988,278532.4244,286455.5711,294467.8105,302501.3602,310484.7469,318465.4688,326490.3315,334387.5986,342390.2215,350123.0922
16824.22,17317.38659,17803.57132,18293.23911,18797.80914,19320.63321,19854.0802,20393.89668,20935.78224,21475.23399,22015.24542,22558.77239,23095.80835,23638.56054,24165.85892
515604.86,531360.0638,546757.85,562222.0013,578213.957,594841.8716,611803.4927,628954.9049,646150.3381,663236.0047,680314.1027,697485.325,714378.1004,731499.8903,748037.3751
0,0,0,0,0,0,0,0,0,0,0,0,0,0,0
2207615.7,2264757.987,2322677.172,2381529.965,2441499.004,2502959.967,2565718.644,2629376.973,2693535.643,2757790.153,2822409.872,2887663.375,2953003.686,3018458.711,3083192.46
455577.41,469311.0018,482770.6959,496300.8257,510276.5395,524791.8128,539599.5609,554576.5854,569598.1707,584533.0461,599468.4566,614490.4194,629289.5846,644275.375,658777.227
32090.76,33058.15083,34006.24837,34959.30738,35943.75322,36966.2055,38009.25963,39064.23755,40122.35432,41174.36327,42226.4099,43284.55326,44327.00281,45382.59819,46404.10507
328926.49,337807.9142,346722.9084,355753.8725,364991.8891,374496.046,384198.2266,394031.3516,403927.9169,413818.6071,423749.5488,433766.5488,443750.9237,453783.2323,463644.6511
9505569.3,9792774.418,10074118.11,10356890.18,10649031.96,10952509.79,11262098.41,11575213.42,11889238.38,12201418.2,12513583.92,12827540.61,13136767.41,13449943.12,13752908.39
381139.68,392599.9187,403837.5868,415136.0327,426803.9989,438919.8572,451280.0287,463782.0663,476322.2723,488791.5485,501262.4053,513806.3423,526167.5296,538682.3818,550797.4408
357634.88,368428.0786,379003.5506,389633.5519,400614.6878,412020.8334,423656.73,435425.4087,447228.7016,458963.2606,470697.7721,482499.952,494125.7285,505899.0267,517290.3325
687789.55,708806.1567,729345.9872,749974.3453,771306.7664,793487.523,816113.4263,838992.501,861930.2974,884721.6708,907502.9483,930408.4486,952942.5154,975782.0755,997842.2035
193442.89,199353.874,205130.7632,210932.5512,216932.3589,223170.7636,229534.3671,235969.1758,242420.5002,248830.6427,255237.9457,261680.1868,268017.961,274441.6562,280646.1338
0,0,0,0,0,0,0,0,0,0,0,0,0,0,0
23419666.88,24141639.07,24845957.87,25552891.7,26284502.59,27045756.86,27822249.27,28607308.8,29394176.05,30175709.55,30956654.76,31741685.28,32513281.71,33295812.84,34050708.88
354.95,365.893544,376.5692444,387.2844973,398.3739,409.9127332,421.682533,433.5821657,445.5091575,457.3552401,469.1923569,481.0913617,492.786599,504.6476713,516.0896823
150164.54,154110.4279,158095.9637,162141.2897,166269.0855,170505.4051,174830.7465,179216.7854,183635.0742,188056.6456,192500.7846,196986.6897,201471.1834,205968.4329,210406.4358
23087.15,23695.29736,24309.20847,24932.21861,25568.07267,26220.78892,26887.21073,27562.952,28243.60669,28924.68466,29609.17508,30300.05303,30990.52999,31683.09266,32366.29024
78087.55,80062.26258,82074.86031,84123.41037,86206.28687,88336.3842,90511.79292,92719.41658,94946.14468,97178.81444,99426.19546,101697.0546,103976.7523,106256.603,108518.9702
55207.21,56801.90825,58378.97136,59968.94878,61605.21186,63298.55939,65026.4654,66775.47133,68531.97983,70281.79567,72034.35719,73798.99205,75545.2516,77308.2888,79024.68658
0.01,0.010250416,0.010506236,0.010766815,0.011031517,0.011301971,0.011578196,0.011858568,0.012141461,0.01242525,0.012711018,0.012999849,0.013290118,0.0135802,0.013868468
27978.68,28679.31097,29395.06087,30124.12728,30864.72716,31621.42201,32394.26412,33178.70709,33970.20395,34764.20853,35563.75034,36371.86174,37183.99628,37995.60595,38802.14338
110809.19,113728.0568,116674.5873,119664.7896,122716.6376,125849.4175,129047.9786,132291.2695,135558.1428,138827.0476,142112.3309,145428.2719,148742.2882,152066.3151,155345.3933
23611.32,24202.62469,24806.67949,25421.96967,26046.99735,26685.61235,27337.85459,27999.8865,28667.87003,29337.96768,30012.7367,30694.73672,31380.12701,32065.07767,32745.74103
751555.16,770844.3292,790434.7121,810353.2689,830633.6325,851402.3073,872610.6853,894126.7243,915818.0629,937551.0361,959414.6698,981497.8091,1003630.862,1025789.184,1047730.3
338960.17,349009.9962,358893.6765,368840.3581,379099.9074,389740.8189,400597.1998,411580.9463,422602.9349,433569.6401,444543.2302,455585.052,466481.9733,477503.6226,488194.2577
4097759.96,4216963.668,4334671.174,4453284.542,4575426.271,4701904.995,4830959.463,4961573.011,5092718.13,5223320.569,5354094.54,5485745.579,5615928.917,5747427.841,5875320.462
94645.41,97398.64191,100117.3163,102856.9132,105678.0042,108599.2661,111580.0197,114596.7831,117625.8242,120642.3311,123662.7998,126703.5261,129710.353,132747.5659,135701.4845
533527.67,549047.9732,564373.471,579816.9119,595719.7449,612187.2539,628990.1244,645995.9867,663071.0596,680075.4756,697102.225,714243.1687,731193.0178,748314.156,764965.7541
11778662.79,12077225.56,12381346.62,12690846.7,13005602.02,13327563.48,13656368.55,13990027,14326546.02,14663922.95,15003491.98,15346586.52,15690927.6,16035350.43,16377015.44
308071.86,315786.4729,323667.5596,331695.2738,339849.9823,348181.9119,356691.6381,365329.1008,374044.2335,382786.9786,391590.6939,400488.7685,409431.1417,418367.7356,427248.4793
7541852.86,7746139.649,7951051.354,8158581.338,8370930.534,8589459.237,8812536.592,9038610.865,9266120.17,9493459.256,9721696.301,9951891.797,10181258.97,10411779.54,10638270.09
3633564.13,3727813.093,3823296.664,3920304.466,4019171.384,4120517.426,4224001.91,4328965.487,4434746.626,4540674.693,4647196.265,4754756.502,4862435.167,4970319.196,5076982.023
3627644.36,3722239.271,3817955.056,3915161.139,4014278.686,4115930.928,4219724.474,4324990.49,4431057.635,4537244.069,4644003.787,4751789.096,4859630.707,4967719.273,5074502.41
1972773.41,2025151.636,2077930.069,2131460.025,2186133.229,2242296.535,2299636.212,2357768.745,2416308.648,2474862.085,2533691.207,2593056.734,2652336.83,2711829.784,2770451.275
25492.42,26169.35284,26851.43596,27543.22437,28249.7965,28975.63525,29716.67642,30467.96216,31224.50913,31981.22577,32741.50118,33508.70591,34274.79493,35043.6425,35801.21251
239701.58,246471.4526,253199.2175,259992.7549,266970.1766,274177.064,281532.0412,288979.9312,296465.0544,303929.5703,311411.9464,318950.2542,326427.8828,333965.4251,341327.0599
39220.97,40419.59342,41590.9934,42767.43166,43984.03645,45249.03619,46539.42229,47844.24406,49152.40963,50452.21678,51751.44212,53057.74761,54342.85258,55645.39151,56903.45623
0,0,0,0,0,0,0,0,0,0,0,0,0,0,0
364380.4,373519.818,382852.8385,392358.358,402015.7187,411884.4526,421963.6677,432193.8421,442515.437,452868.8822,463293.8731,473830.1338,484416.9612,494998.191,505510.8166
197819.1,203496.2952,209118.5637,214789.4329,220622.0575,226654.8188,232810.9409,239042.9802,245303.0197,251541.1047,257790.452,264083.9026,270316.0916,276605.2973,282733.7611
3790.5,3901.80535,4011.494108,4121.955335,4235.79564,4353.771831,4474.143846,4595.949261,4718.214953,4839.921619,4961.746874,5084.359738,5205.486022,5327.916526,5446.831655
199190.59,205194.9266,211079.5875,216995.0671,223105.3284,229451.4571,235925.4591,242473.4762,249040.9873,255570.6059,262100.4723,268668.1897,275138.5382,281690.4544,288030.8412
903580.27,928663.96,953686.4534,978984.338,1004927.05,1031682.719,1058991.087,1086653.379,1114469.209,1142231.276,1170077.477,1198144.455,1226036.765,1254118.323,1281612.046
158779.43,163431.1124,168017.4852,172636.8935,177396.6539,182328.3771,187360.3216,192452.4004,197564.0851,202652.9432,207747.1837,212874.6614,217941.2027,223061.4728,228036.3458
903545.1,929650.4212,955465.821,981492.2168,1008276.787,1035996.318,1064281.521,1092912.006,1121665.106,1150308.353,1178996.314,1207881.739,1236465.708,1265324.753,1293419.477
242369.67,247486.8174,252947.9091,258584.3072,264215.0522,269871.5918,275655.9092,281548.7555,287531.4944,293588.1862,299729.548,305966.8431,312357.0517,318662.7902,325088.9423
2568320.69,2645528.07,2721239.627,2797361.855,2875972.136,2957598.43,3040870.811,3125099.309,3209585.545,3293594.792,3377615.375,3462128.816,3545412.996,3629731.159,3711358.372
325999.3,335072.8788,344119.0712,353263.1268,362642.4582,372317.9249,382193.0994,392195.7646,402253.1066,412289.7501,422355.8336,432501.0295,442580.265,452729.7709,462663.098
-54196.17,-55553.32891,-56939.77401,-58352.01387,-59786.59465,-61252.35225,-62749.38794,-64268.89509,-65802.066,-67340.0945,-68888.84891,-70454.20306,-72027.35023,-73599.48073,-75161.78601
2770292.32,2851075.538,2930803.52,3011131.601,3093866.706,3179557.17,3266991.451,3355478.098,3444318.204,3532780.707,3621351.639,3710511.058,3798653.996,3887702.747,3974279.709
949881.88,976871.3096,1003657.644,1030694.42,1058477.846,1087189.923,1116490.905,1146158.711,1175969.167,1205689.075,1235473.514,1265475.907,1295217.756,1325210.627,1354478.456
92144.66,94554.28081,96990.84153,99464.8259,101988.1216,104576.6172,107219.5904,109899.9076,112600.367,115303.4811,118020.893,120764.1997,123508.0878,126258.8233,128975.2184
326705.62,334886.8521,343244.6272,351757.8986,360405.8455,369241.7328,378266.1707,387426.0712,396668.3397,405939.8907,415276.0997,424712.3753,434195.6289,443672.7537,453090.6501
44734.77,45855.0003,46999.40409,48165.09948,49349.23558,50559.10575,51794.79357,53049.02985,54314.54452,55584.06875,56862.4464,58154.52585,59453.03785,60750.71066,62040.27351
1755370.14,1799710.381,1844913.521,1890928.021,1937708.582,1985544.637,2034398.631,2083977.225,2133986.8,2184132.702,2234611.245,2285618.714,2336831.109,2388042.719,2438869.996
