3467661.49,3468802.299,3469952.597,3471119.523,3472311.051,3473534.729,3474784.062,3476050.743,3477326.423,3478602.582,3479884.892,3481178.996,3482471.648,3483768.669,3485047.231
2378401.08,2409703.315,2440988.283,2472636.667,2505066.989,2538488.588,2572602.398,2607163.898,2641926.711,2676636.513,2711462.501,2746572.439,2781495.667,2816634.655,2851079.926
771134.87,771134.87,771134.87,771134.87,771134.87,771134.87,771134.87,771134.87,771134.87,771134.87,771134.87,771134.87,771134.87,771134.87,771134.87
2704780.47,2767125.456,2831867.646,2898146.345,2965046.447,3032965.44,3102365.624,3172905.304,3244245.517,3316059.486,3388565.399,3461984.063,3536317.143,3610240.304,3684421.366
49355.08,50384.38374,51453.26484,52547.51342,53652.02123,54773.35076,55919.13445,57083.73101,58261.54421,59447.17903,60644.23771,61856.36574,63083.59058,64304.04775,65528.76281
62.77,62.77,62.77,62.77,62.77,62.77,62.77,62.77,62.77,62.77,62.77,62.77,62.77,62.77,62.77
-100.53,-100.3910125,-100.2466936,-100.0989536,-99.94982336,-99.79841665,-99.64370841,-99.48646117,-99.32743139,-99.1673485,-99.00572547,-98.84206944,-98.67638167,-98.51160331,-98.34625865
6625.66,6790.633974,6961.951314,7137.33449,7314.361982,7494.085604,7677.728675,7864.387021,8053.163696,8243.194005,8435.055301,8629.331873,8826.02813,9021.639677,9217.933679
1818665.53,1865138.75,1912361.043,1960381.809,2009265.281,2059316.058,2110427.192,2162281.953,2214562.9,2266949.722,2319655.768,2372894.002,2426264.85,2479688.514,2532604.616
99820.45,102409.9769,105025.274,107679.7257,110388.3949,113168.3819,116006.7797,118884.9854,121784.3145,124685.7385,127601.9254,130545.4862,133487.989,136438.9489,139350.8596
1057465.46,1084462.787,1111789.793,1139545.399,1167842.77,1196859.698,1226488.164,1256537.87,1286817.824,1317134.155,1347615.954,1378391.853,1409188.995,1440053.24,1470551.513
52676.69,54053.44685,55444.50148,56856.57259,58297.23949,59775.58897,61285.01852,62815.67331,64357.65669,65900.89599,67452.09724,69017.93737,70583.53066,72153.41422,73702.93911
208810.25,208872.4785,208935.3532,208999.1779,209064.2951,209131.1155,209199.3407,209268.5252,209338.2218,209407.9752,209478.0885,209548.8634,209619.6271,209690.5848,209760.6223
194490.91,195141.0474,195794.021,196455.6104,197132.2106,197828.144,198538.589,199258.6581,199983.4333,200707.8687,201435.3224,202169.1298,202900.7493,203635.7468,204358.4903
91592.57,93615.10302,95646.45917,97704.61853,99809.47558,101974.4768,104184.6228,106424.7084,108679.4346,110933.1037,113196.1623,115478.9869,117755.0052,120041.5324,122289.938
56831.34,58064.17671,59302.39156,60556.94434,61839.96173,63159.64003,64506.83641,65872.28247,67246.65277,68620.37866,69999.82793,71391.32557,72778.67444,74172.42902,75542.94657
28958.44,29744.33628,30532.29792,31330.21893,32146.80995,32987.30678,33845.2881,34714.76412,35589.70508,36463.9105,37341.50624,38226.58783,39108.30366,39994.57361,40865.11157
2307585.45,2366561.278,2425898.251,2486051.503,2547526.45,2610714.35,2675223.026,2740615.307,2806451.569,2872281.751,2938405.398,3005120.239,3071691.559,3138533.444,3204333.765
659972.43,661684.8974,663390.8952,665114.928,666883.8654,668709.204,670572.1789,672459.0827,674356.0918,676248.8846,678146.9872,680059.835,681959.5458,683872.9681,685744.7134
106345.33,108621.8271,110903.6949,113214.2074,115579.0367,118013.3541,120498.2928,123016.4658,125550.3684,128081.9946,130623.3256,133186.2534,135739.1079,138305.3656,140825.6399
215317.21,221012.6093,226685.293,232417.5578,238299.6298,244369.7543,250565.0006,256839.7084,263147.8283,269441.6396,275752.8834,282112.9966,288428.784,294790.5875,301012.9719
753679.34,769497.0318,785251.6359,801171.7133,817507.8466,834366.2533,851572.1576,868998.7485,886518.134,903997.7806,921525.8422,939189.6271,956730.3075,974398.7871,991680.0615
230295.17,233454.5634,236611.0088,239803.7318,243075.8412,246448.4754,249890.925,253378.438,256886.0718,260388.0681,263901.563,267443.5454,270966.0455,274510.7386,277984.6011
1014.97,1018.537295,1022.10127,1025.706211,1029.400783,1033.208855,1037.095756,1041.03354,1044.994044,1048.948184,1052.91531,1056.914603,1060.891903,1064.894258,1068.816644
0,0,0,0,0,0,0,0,0,0,0,0,0,0,0
23784.06,24396.61913,25008.60671,25627.62796,26262.04105,26915.9444,27583.38392,28259.56053,28939.63829,29618.62302,30299.83715,30986.57457,31669.53467,32356.79767,33030.32766
90014.47,90023.37204,90032.26578,90041.26175,90050.48139,90059.98427,90069.68387,90079.51044,90089.3937,90099.26109,90109.16087,90119.14092,90129.06608,90139.05377,90148.84189
8557.12,8565.11554,8573.103609,8581.183483,8589.464265,8597.999453,8606.711322,8615.537234,8624.414064,8633.276624,8642.168282,8651.132032,8660.046472,8669.017081,8677.808429
238946.56,239435.3713,239923.7264,240417.6943,240923.9447,241445.7479,241978.3527,242517.9296,243060.6195,243602.4372,244146.0339,244694.0381,245239.0281,245787.4517,246324.9167
444.56,444.56,444.56,444.56,444.56,444.56,444.56,444.56,444.56,444.56,444.56,444.56,444.56,444.56,444.56
1078.19,1103.708374,1129.202944,1154.99053,1181.419316,1208.660037,1236.464656,1264.633252,1292.964365,1321.249945,1349.628401,1378.23695,1406.688145,1435.31859,1463.376941
12253.49,12457.38882,12661.09739,12867.14721,13078.32042,13295.98124,13518.14776,13743.22254,13969.59587,14195.60537,14422.35696,14650.94705,14878.2798,15107.04483,15331.23864
15497.08,15854.19313,16210.97305,16571.85351,16941.70718,17322.9234,17712.031,18106.23221,18502.70772,18898.54602,19295.68403,19696.04204,20094.19793,20494.86234,20887.52062
194052.43,194052.43,194052.43,194052.43,194052.43,194052.43,194052.43,194052.43,194052.43,194052.43,194052.43,194052.43,194052.43,194052.43,194052.43
-70868.53,-70722.69402,-70573.82999,-70422.23389,-70268.19132,-70110.75185,-69949.95635,-69786.75826,-69622.11145,-69456.971,-69290.70051,-69122.66325,-68953.85149,-68785.10791,-68617.50032
0.65,0.65,0.65,0.65,0.65,0.65,0.65,0.65,0.65,0.65,0.65,0.65,0.65,0.65,0.65
6825.11,7009.821019,7194.359698,7381.019314,7572.320178,7769.498133,7970.757781,8174.652015,8379.722599,8584.463592,8789.876842,8996.955585,9202.895318,9410.132546,9613.228729
25474.32,25474.32,25474.32,25474.32,25474.32,25474.32,25474.32,25474.32,25474.32,25474.32,25474.32,25474.32,25474.32,25474.32,25474.32
33201.32,33993.56686,34788.89003,35594.58536,36418.71884,37266.56063,38132.07011,39009.26851,39892.1394,40774.50569,41660.47801,42554.13864,43444.93228,44339.97349,45219.82602
168646.5,168646.5,168646.5,168646.5,168646.5,168646.5,168646.5,168646.5,168646.5,168646.5,168646.5,168646.5,168646.5,168646.5,168646.5
981151,1006460.834,1031868.947,1057608.419,1083936.932,1111022.852,1138673.2,1166696.973,1194901.965,1223090.836,1251394.909,1279944.599,1308402.698,1336996.494,1365105.058
93893.91,96426.87529,98969.67613,101545.6388,104180.5517,106891.2646,109658.4646,112463.0363,115285.744,118106.8384,120939.462,123796.6666,126644.7048,129506.3234,132319.3808
367279.92,377188.2618,387135.0778,397211.6147,407518.7508,418122.398,428947.0086,439917.8082,450959.5516,461994.9842,473075.516,484252.2028,495393.033,506586.9863,517590.9802
1872971.23,1923370.149,1973964.769,2025219.215,2077646.607,2131582.208,2186641.741,2242444.867,2298608.85,2354740.733,2411102.014,2467952.387,2524620.377,2581558.577,2637530.546
30731.2,30990.61309,31251.0335,31514.85015,31784.7042,32062.32128,32345.72347,32632.95307,32922.04007,33210.96185,33501.06439,33793.68438,34085.3656,34378.43766,34666.53633
13.12,13.12,13.12,13.12,13.12,13.12,13.12,13.12,13.12,13.12,13.12,13.12,13.12,13.12,13.12
7233.84,7335.237105,7437.027939,7540.146274,7645.624447,7754.136968,7864.910719,7977.180498,8090.176281,8203.107483,8316.500209,8430.876938,8544.88673,8659.440156,8772.049633
43721.26,43726.59713,43732.17329,43737.8923,43743.65148,43749.4846,43755.44594,43761.50828,43767.6447,43773.82975,43780.08043,43786.41408,43792.8439,43799.22695,43805.65489
1019256.94,1042574.28,1066935.924,1091921.608,1117082.831,1142567.074,1168611.518,1195097.196,1221906.555,1248928.301,1276236.819,1303907.805,1331998.94,1359885.748,1387968.629
0,0,0,0,0,0,0,0,0,0,0,0,0,0,0
779188.62,779188.62,779188.62,779188.62,779188.62,779188.62,779188.62,779188.62,779188.62,779188.62,779188.62,779188.62,779188.62,779188.62,779188.62
1501.59,1501.59,1501.59,1501.59,1501.59,1501.59,1501.59,1501.59,1501.59,1501.59,1501.59,1501.59,1501.59,1501.59,1501.59
179994.78,181786.0483,183657.5414,185576.974,187509.8918,189467.6244,191468.3923,193503.0565,195562.5862,197638.4317,199736.3075,201862.0285,204020.0259,206162.3267,208319.69
207949.32,213388.5392,218818.0478,224308.4626,229937.3335,235741.0898,241664.8449,247665.7087,253700.451,259724.3832,265767.2335,271858.466,277913.7055,284008.7534,289978.7334
233959.21,235851.9915,237741.3937,239651.9906,241610.7685,243630.4043,245691.7983,247780.0252,249880.0413,251976.2957,254079.1333,256198.8074,258305.9563,260426.9581,262504.4377
5604.91,5759.00485,5912.824595,6068.369833,6227.837579,6392.259882,6560.081793,6730.088217,6901.054429,7071.71439,7242.910306,7415.476905,7587.023815,7759.698506,7928.829984
1729569.98,1729569.98,1729569.98,1729569.98,1729569.98,1729569.98,1729569.98,1729569.98,1729569.98,1729569.98,1729569.98,1729569.98,1729569.98,1729569.98,1729569.98
101601.66,102524.1031,103468.4695,104431.0428,105408.0241,106405.403,107424.1262,108458.3287,109502.1499,110549.7535,111605.0295,112671.8763,113745.0874,114816.9106,115883.4164
872840.41,872840.41,872840.41,872840.41,872840.41,872840.41,872840.41,872840.41,872840.41,872840.41,872840.41,872840.41,872840.41,872840.41,872840.41
88925.39,91093.64628,93313.43468,95576.01923,97872.47079,100216.868,102611.4365,105042.3897,107495.9523,109958.4056,112438.8934,114946.579,117469.2242,119988.6073,122495.4914
1174.26,1174.26,1174.26,1174.26,1174.26,1174.26,1174.26,1174.26,1174.26,1174.26,1174.26,1174.26,1174.26,1174.26,1174.26
2899670.54,2977022.019,3054794.297,3133619.52,3214198.602,3297045.133,3381621.737,3467351.87,3553655.632,3639938.823,3726596.902,3814022.831,3901232.551,3988815.397,4074996.497
668322.77,685672.4777,703091.5827,720738.5093,738788.4392,757356.7691,776312.096,795523.6095,814859.6802,834185.1838,853590.0412,873163.5573,892675.3608,912279.4834,931552.3506
2212237.34,2271809.393,2331730.318,2392470.455,2454551.776,2518369.625,2583520.931,2649563.152,2716051.226,2782529.365,2849300.919,2916667.372,2983880.429,3051372.285,3117801.311
856381.44,879757.5723,902911.2804,926266.3545,950286.0248,975128.2982,1000478.674,1026142.023,1051921.28,1077611.028,1103347.858,1129266.819,1154935.51,1180837.68,1206080.508
205349.39,210212.807,215104.0396,220061.9294,225129.5688,230339.2388,235657.7431,241048.9131,246476.3728,251902.8628,257353.1807,262851.9706,268337.8851,273846.7906,279268.4782
160895.86,161232.6469,161565.0597,161899.9826,162244.9308,162602.1901,162966.7205,163335.6407,163706.0387,164074.8684,164444.1549,164815.8984,165183.4174,165554.7041,165915.7028
17574.56,17914.44517,18256.27426,18602.76176,18956.91923,19321.00266,19692.6921,20069.45986,20448.76376,20827.99989,21208.90126,21593.19015,21976.57922,22361.57505,22740.47555
388880.76,395598.4454,402277.201,409022.1756,415948.5187,423101.4375,430401.4249,437793.8996,445223.7892,452633.9103,460062.2943,467546.5861,474972.1759,482456.2322,489767.6609
462861.74,472798.9792,482735.8887,492789.8908,503090.1446,513703.0655,524535.9538,535511.4911,546551.7841,557576.4759,568639.028,579792.4584,590889.3417,602052.9409,612999.7862
9407.18,9407.18,9407.18,9407.18,9407.18,9407.18,9407.18,9407.18,9407.18,9407.18,9407.18,9407.18,9407.18,9407.18,9407.18
73100.16,74021.01971,74928.01613,75841.24005,76782.60814,77758.38562,78753.96379,79761.35106,80772.46601,81778.83953,82786.1016,83799.80998,84800.96092,85813.0708,86795.76746
25905.2,26591.30132,27272.50446,27960.1626,28666.69951,29396.73973,30141.76172,30896.1358,31654.17967,32409.98479,33167.48053,33930.55466,34687.14555,35450.02625,36194.6541
889143.35,904599.1075,920218.758,936075.4745,952251.9111,968850.0507,985797.2443,1002983.062,1020296.612,1037625.068,1055043.547,1072626.848,1090209.167,1107838.482,1125241.527
452865.95,462744.7847,472890.399,483241.6904,493734.9689,504434.1227,515363.2111,526461.3338,537667.7243,548922.2449,560264.9923,571736.2242,583292.5378,594822.9411,606317.9703
52124.94,53471.5348,54803.88254,56147.35076,57529.65546,58959.91019,60419.37396,61896.72058,63380.50842,64858.79839,66339.5289,67830.5464,69306.38831,70796.17508,72247.01311
15235.26,15336.96207,15439.47568,15543.46004,15649.65096,15758.72165,15870.07793,15982.9772,16096.67312,16210.40353,16324.67577,16439.99446,16555.1655,16670.73795,16784.64153
580097.17,593429.17,606970.4752,620738.976,634757.1152,649112.3191,663771.4776,678643.3945,693636.6559,708658.9598,723771.7831,739036.4805,754336.267,769653.1335,784820.6278
936947.4,963345.017,989772.6637,1016521.688,1043912.968,1072122.683,1100918.03,1130095.464,1159449.997,1188770.449,1218197.328,1247870.032,1277408.871,1307114.265,1336264.705
2902989.25,2976727.5,3049834.587,3123600.417,3199435.544,3277837.826,3357845.848,3438848.304,3520227.958,3601342.051,3682618.005,3764478.539,3845586.886,3927407.394,4007195.568
317026.01,322672.4469,328209.7777,333777.2387,339526.5485,345496.3161,351586.4797,357746.5968,363925.6106,370069.8093,376214.8917,382396.0596,388487.4801,394654.4198,400624.7556
8234874.57,8461200.044,8687423.453,8916282.099,9150785.646,9392447.495,9639115.219,9889022.208,10140388.5,10391376.94,10643209.76,10897098.88,11149650.09,11403753.43,11652856.35
547803.41,558458.1176,569071.4296,579796.5711,590801.5421,602157.8814,613748.3394,625487.5627,637289.4728,649064.8769,660873.1015,672772.9056,684590.369,696493.5373,708136.6282
2105766.72,2106622.012,2107495.062,2108384.136,2109287.557,2110210.901,2111153.927,2112111.043,2113076.656,2114045.163,2115020.299,2116005.795,2116995.834,2117985.474,2118968.451
2177119.37,2228218.603,2280378.83,2333496.342,2387471.069,2442636.03,2498976.905,2556159.619,2613849.948,2671713.242,2729972.49,2788850.795,2848000.473,2907126.262,2965854.014
236003.11,236241.3671,236477.9754,236716.8426,236962.2457,237215.7902,237474.5394,237736.5416,237999.8267,238262.3467,238525.4638,238790.5254,239053.3632,239318.3672,239577.0678
83170.64,85017.03159,86961.22746,88959.88842,90966.63295,92993.01851,95064.40077,97172.26245,99308.23795,101464.6315,103646.5952,105859.4187,108113.5051,110346.194,112604.5979
603174.76,617519.1656,632041.3551,646792.1457,661829.7834,677248.7127,692992.6795,708960.7286,725051.5452,741162.3127,757361.4932,773717.3104,790085.7989,806489.0375,822699.5893
251728.16,258701.4023,265590.2223,272533.0711,279681.1294,287081.676,294633.0308,302275.9057,309950.3867,317593.8612,325247.9577,332953.8046,340575.4348,348272.9532,355761.6007
2481765.39,2549403.379,2616925.632,2685206.945,2755208.062,2827381.948,2901048.26,2975673.949,3050721.748,3125636.318,3200787.089,3276540.221,3351848.427,3427649.926,3501899.56
3324.55,3329.407002,3334.229849,3339.098566,3344.100727,3349.269068,3354.543488,3359.884166,3365.250909,3370.601927,3375.965011,3381.36766,3386.724688,3392.126063,3397.398575
675089.08,689918.6115,704825.3388,719932.7705,735377.784,751258.8709,767471.4941,783904.9132,800447.7346,816985.7836,833595.0459,850351.0209,867063.7053,883849.125,900363.4622
2596421.71,2652013.14,2707892.473,2764523.691,2822420.972,2881953.541,2942728.877,3004331.76,3066344.515,3128339.027,3190600.217,3253411.176,3316059.069,3378980.136,3440883.998
525293.4,535769.671,546115.1235,556540.4141,567275.536,578391.5511,589733.9651,601213.4684,612739.8001,624218.5993,635712.6016,647283.782,658726.3304,670284.2663,681525.7164
1176207.45,1206719.246,1237181.182,1267986.318,1299566.361,1332125.627,1365358.232,1399023.855,1432880.28,1466677.165,1500581.046,1534756.99,1568733.468,1602931.662,1636431.387
398584.01,409003.9953,419255.6212,429573.8742,440215.0152,451250.03,462508.6151,473899.6552,485330.9877,496705.9312,508088.7529,519542.8773,530848.8302,542282.7565,553376.1103
2658208.56,2729143.289,2798931.901,2869174.081,2941614.342,3016735.924,3093379.477,3170924.725,3248744.266,3326179.935,3403669.236,3481643.935,3558609.946,3636447.145,3711965.874
461942.02,474249.5693,486547.6843,498987.8051,511736.3899,524875.7683,538287.2018,551874.3902,565540.2972,579184.7313,592874.3469,606675.2291,620401.3015,634213.1202,647750.397
438241.13,441511.6399,444846.8945,448242.3613,451693.9099,455222.8797,458826.9783,462484.635,466174.2609,469874.2037,473598.8898,477362.746,481142.298,484921.4131,488672.9202
865283.55,884202.1236,903367.8205,922839.2422,942684.1129,963026.8927,983798.8917,1004867.718,1026100.538,1047362.684,1068743.832,1090333.371,1111946.312,1133600.718,1155009.52
14875736.51,15051712.18,15229317.85,15409543.79,15593500.86,15782352.1,15975167.63,16170676.02,16367599.96,16564637.36,16762655.04,16962515.64,17162240.19,17362581.33,17560187.05
17272.66,17275.54391,17278.45452,17281.40807,17284.42277,17287.51768,17290.67755,17293.88156,17297.10876,17300.33782,17303.58295,17306.85827,17310.13137,17313.41457,17316.65293
478408.08,490384.3644,502471.5799,514737.1228,527256.5928,540109.1427,553231.4886,566537.1007,579939.05,593348.7214,606825.107,620426.9151,634019.4643,647653.9766,661102.3256
1671428.31,1713403.653,1755538.132,1798220.866,1841881.987,1886800.752,1932655.436,1979129.036,2025902.547,2072648.404,2119584.588,2166927.569,2214116.609,2261532.029,2308140.112
164951.31,164951.31,164951.31,164951.31,164951.31,164951.31,164951.31,164951.31,164951.31,164951.31,164951.31,164951.31,164951.31,164951.31,164951.31
224724.37,225388.8915,226083.1748,226795.2425,227512.3129,228238.5891,228980.8305,229735.6466,230499.6873,231269.7808,232048.0471,232836.6433,233637.2134,234431.9603,235232.2952
3583.95,3624.056953,3665.960154,3708.936732,3752.215247,3796.049374,3840.847074,3886.403719,3932.517108,3978.995812,4025.967776,4073.563203,4121.881301,4169.84795,4218.151851
130312.72,133077.0327,135825.1959,138600.5647,141450.6163,144393.9542,147397.8051,150439.7011,153496.9719,156546.077,159602.6727,162682.2558,165737.6145,168817.0768,171825.4157
327800.61,327802.3541,327804.088,327805.839,327807.6372,327809.4942,327811.3894,327813.3086,327815.2375,327817.1613,327819.0898,327821.0327,327822.9604,327824.9034,327826.8014
891352.76,914602.4217,937359.5317,960226.234,983858.38,1008415.292,1033466.12,1058800.573,1084205.72,1109457.198,1134704.113,1160093.431,1185090.302,1210413.081,1234897.132
261.67,274.0253309,286.1932889,298.4443455,311.0735433,324.1649547,337.5219778,351.0373064,364.6024252,378.1036018,391.6164413,405.2155769,418.6455041,432.2229415,445.4048148
-263.26,-263.26,-263.26,-263.26,-263.26,-263.26,-263.26,-263.26,-263.26,-263.26,-263.26,-263.26,-263.26,-263.26,-263.26
184.66,189.0713206,193.8347318,198.7678473,203.6746921,208.5819315,213.6016673,218.7206276,223.9262159,229.2088004,234.5749043,240.0316465,245.6496154,251.1755708,256.8428125
13445.34,13485.55892,13525.16788,13565.04734,13606.15773,13648.77272,13692.25232,13736.24723,13780.40422,13824.35306,13868.33986,13912.60756,13956.32445,14000.52152,14043.43094
485091.02,488779.8813,492633.9542,496586.7517,500567.3199,504598.9907,508719.2866,512909.387,517150.6944,521425.602,525745.8776,530123.4966,534567.5842,538979.3467,543422.1286
177808.32,178794.0842,179764.8986,180742.3428,181749.957,182794.4488,183860.1323,184938.4461,186020.7323,187097.9169,188176.0319,189261.032,190332.5317,191415.8005,192467.5092
1623434.35,1649803.362,1676550.8,1703735.718,1731428.076,1759801.075,1788773.759,1818163.629,1847787.66,1877460.663,1907305.968,1937446.584,1967637.794,1997875.063,2027792.919
3217509.31,3281129.857,3344678.863,3408954.318,3474833.061,3542740.854,3612054.002,3682273.346,3752895.863,3823401.955,3894137.288,3965444.532,4036353.019,4107712.613,4177637.681
272887.44,276196.6077,279553.2837,282964.8671,286440.1245,290000.7917,293636.7168,297324.9983,301042.6687,304766.4891,308511.9358,312294.445,316083.313,319877.9549,323632.5244
31635.09,31706.19151,31778.31381,31851.61586,31926.28602,32002.79131,32080.91361,32160.16085,32240.03955,32320.05039,32400.5259,32481.79775,32563.20623,32644.73876,32725.4103
77248.88,78632.46718,80035.91787,81462.3258,82915.35627,84404.0972,85924.30404,87466.40144,89020.78658,90577.74304,92143.74165,93725.23635,95309.38969,96895.95719,98465.77007
41210.33,41218.93248,41227.65845,41236.52716,41245.5614,41254.81767,41264.26958,41273.85759,41283.52201,41293.20241,41302.93902,41312.77199,41322.62148,41332.48598,41342.24631
1583321.83,1609688.839,1636262.875,1663217.085,1690744.659,1719020.16,1747888.076,1777155.679,1806629.266,1836110.991,1865732.549,1895624.926,1925477.24,1955434.785,1984957.391
126007.83,126993.1281,127986.1625,128993.4034,130022.0702,131078.6859,132157.4393,133251.1285,134352.5151,135454.2057,136561.1217,137678.1578,138793.6968,139913.1682,141016.3864
137925.52,140795.8819,143621.4955,146466.0071,149398.8366,152439.5252,155541.8687,158680.8653,161831.2287,164966.4471,168104.1441,171261.7153,174379.3319,177531.6384,180591.2269
150602.93,150602.93,150602.93,150602.93,150602.93,150602.93,150602.93,150602.93,150602.93,150602.93,150602.93,150602.93,150602.93,150602.93,150602.93
45865.67,45865.67,45865.67,45865.67,45865.67,45865.67,45865.67,45865.67,45865.67,45865.67,45865.67,45865.67,45865.67,45865.67,45865.67
32860.7,32860.7,32860.7,32860.7,32860.7,32860.7,32860.7,32860.7,32860.7,32860.7,32860.7,32860.7,32860.7,32860.7,32860.7
23048.33,23066.45799,23084.90829,23103.68012,23122.77687,23142.31713,23162.27227,23182.52056,23202.94003,23223.40798,23244.00616,23264.81622,23285.69395,23306.58188,23327.29213
1592.25,1598.808592,1605.483791,1612.275316,1619.184398,1626.253938,1633.473581,1640.79928,1648.186914,1655.592086,1663.044372,1670.573319,1678.126744,1685.683861,1693.176693
364335.77,364335.77,364335.77,364335.77,364335.77,364335.77,364335.77,364335.77,364335.77,364335.77,364335.77,364335.77,364335.77,364335.77,364335.77
5158.77,5158.777602,5158.785345,5158.793226,5158.801241,5158.809439,5158.817811,5158.826306,5158.834875,5158.843466,5158.852112,5158.860849,5158.869617,5158.878387,5158.887088
198479.18,198479.18,198479.18,198479.18,198479.18,198479.18,198479.18,198479.18,198479.18,198479.18,198479.18,198479.18,198479.18,198479.18,198479.18
28492.73,28496.2259,28499.78394,28503.404,28507.08671,28510.85495,28514.7032,28518.60799,28522.54578,28526.49292,28530.46517,28534.47829,28538.50445,28542.53258,28546.52644
1533394.77,1542028.655,1550652.704,1559375.295,1568315.516,1577531.148,1586937.495,1596466.807,1606050.812,1615618.987,1625218.247,1634895.103,1644517.776,1654201.713,1663690.885
485936.55,486048.7916,486160.9053,486274.3001,486390.5241,486510.3284,486632.6121,486756.4944,486881.0876,487005.4751,487130.2667,487256.067,487381.163,487507.0553,487630.4158
179813.82,180366.6795,180918.9092,181477.4489,182049.9243,182640.0352,183242.3582,183852.5553,184466.2545,185078.94,185693.6161,186313.2609,186929.4362,187549.5344,188157.1611
76226.46,76658.96061,77090.96845,77527.91264,77975.75865,78437.40093,78908.59672,79385.9523,79866.04764,80345.34998,80826.2095,81310.95604,81792.98838,82278.08961,82753.43442
1276.28,1280.719319,1285.139357,1289.60531,1294.188638,1298.919163,1303.747149,1308.636911,1313.552457,1318.456476,1323.373784,1328.328959,1333.24875,1338.204953,1343.051423
158020.91,159650.3131,161272.6378,162911.8143,164594.0725,166330.3586,168102.4166,169897.1486,171701.3443,173501.3084,175306.1499,177124.8897,178930.6417,180749.7586,182528.5981
181822.96,183943.5956,186045.3813,188165.8782,190346.1549,192600.5347,194901.0644,197230.1219,199569.9124,201901.8993,204238.4089,206591.6306,208922.8508,211274.7931,213567.8168
3123593.58,3164433.19,3204991.725,3245937.993,3288003.968,3331464.839,3375817.928,3420728.762,3465859.759,3510859.996,3555962.85,3601399.251,3646455.289,3691882.102,3736229.499
513014.9,522116.0331,531104.5482,540162.7654,549489.7488,559147.2242,569001.4244,578974.824,588989.0744,598962.2765,608948.8811,619002.6801,628945.2759,638987.7579,648755.9904
11422.61,11467.34084,11511.87736,11556.8765,11603.05833,11650.72336,11699.3704,11748.6399,11798.16919,11847.58232,11897.12934,11947.0579,11996.62992,12046.56883,12095.40203
10504.42,10792.13987,11075.01376,11359.66148,11653.30079,11957.89333,12268.65086,12583.04568,12898.52067,13212.39164,13526.44281,13842.43465,14154.23083,14469.62874,14775.48969
11895.89,12217.41774,12535.52592,12856.28341,13186.32077,13527.81418,13876.28111,14229.01614,14583.28623,14936.23935,15289.77183,15645.75802,15998.11131,16353.80036,16700.17761
978336.84,1000706.359,1022964.239,1045448.639,1068530.059,1092358.893,1116678.215,1141307.35,1166064.031,1190759.171,1215518.534,1240466.636,1265228.783,1290179.406,1314567.322
421.93,421.93,421.93,421.93,421.93,421.93,421.93,421.93,421.93,421.93,421.93,421.93,421.93,421.93,421.93
12286.45,12286.45,12286.45,12286.45,12286.45,12286.45,12286.45,12286.45,12286.45,12286.45,12286.45,12286.45,12286.45,12286.45,12286.45
18200.25,18200.25,18200.25,18200.25,18200.25,18200.25,18200.25,18200.25,18200.25,18200.25,18200.25,18200.25,18200.25,18200.25,18200.25
1437143.96,1474823.545,1512210.568,1549944.216,1588723.724,1628803.254,1669704.566,1711117.078,1752727.258,1794208.876,1835778.877,1877651.871,1919156.352,1961014.395,2001854.134
287062.15,295603.6981,303997.7291,312443.1983,321157.0076,330197.4222,339420.7028,348751.5912,358113.9459,367427.8117,376746.3346,386121.9485,395371.0725,404728.3831,413800.1057
21861161.9,21861161.9,21861161.9,21861161.9,21861161.9,21861161.9,21861161.9,21861161.9,21861161.9,21861161.9,21861161.9,21861161.9,21861161.9,21861161.9,21861161.9
166749.34,168641.2355,170551.0615,172489.1938,174467.2825,176497.828,178571.0105,180673.1849,182790.6446,184909.4211,187038.8134,189188.0768,191336.0928,193490.5972,195615.9677
35095566.09,35914082.7,36714030.7,37517426.51,38348242.89,39212098.7,40093291.27,40984343.9,41877683.52,42765320.52,43652564.32,44544646.13,45422262.02,46311775.71,47170933.5
465498.96,479930.281,493992.5754,508101.7408,522710.3893,537917.9205,553429.362,569110.4026,584824.9224,600428.9776,616018.2133,631686.8023,647078.3135,662693.9749,677746.3507
13046455.89,13415833.99,13782717.15,14153122.99,14533637.95,14926750.6,15327935.03,15734168.84,16142401.71,16549463.17,16957461.72,17368483.81,17776090.67,18187034.73,18588247.77
11864.42,12184.30479,12505.50542,12830.91866,13163.74827,13506.12159,13855.63168,14209.86892,14566.40865,14922.7622,15280.58572,15641.52406,16001.34381,16362.85313,16718.27945
3390589.96,3479736.176,3569249.095,3659935.991,3752689.7,3848103.071,3945505.335,4044224.969,4143586.267,4242895.681,4342614.749,4443201.864,4543477.245,4644223.483,4743274.493
63482.35,63958.78966,64437.18917,64921.86297,65417.58279,65927.51711,66448.08101,66975.68556,67506.71947,68037.4761,68570.4221,69108.00737,69643.92658,70182.36228,70711.73788
2106806.96,2147978.65,2188216.332,2228627.44,2270417.813,2313870.081,2358194.395,2403014.674,2447949.989,2492598.46,2537227.154,2582099.2,2626243.606,2670986.475,2714202.431
18270.24,18612.57979,18956.32781,19304.58414,19660.77745,20027.18441,20401.22913,20780.33282,21161.90063,21543.2692,21926.21093,22312.48614,22697.56422,23084.45049,23464.82674
14789.75,15241.67651,15683.35076,16126.92866,16585.64623,17062.60582,17549.13753,18041.11326,18534.35171,19024.44158,19514.31435,20006.85833,20491.41527,20982.54132,21456.907
241514.28,248466.3081,255247.2866,262053.0911,269096.925,276426.6184,283902.9984,291461.765,299037.7641,306562.1505,314080.6711,321638.3786,329066.1648,336599.6102,343866.2356
16824.22,17222.36849,17611.48471,18002.27804,18406.40947,18826.61217,19255.24793,19688.67989,20123.22431,20554.99482,20986.57407,21420.50665,21847.40263,22280.08602,22698.00348
515604.86,531360.0638,546757.85,562222.0013,578213.957,594841.8716,611803.4927,628954.9049,646150.3381,663236.0047,680314.1027,697485.325,714378.1004,731499.8903,748037.3751
0,0,0,0,0,0,0,0,0,0,0,0,0,0,0
2207615.7,2233734.432,2259960.604,2286530.736,2313706.418,2341661.348,2370199,2399122.624,2428234.248,2457330.671,2486547.117,2516017.89,2545397.328,2574914.722,2603935.436
455577.41,468460.2494,481050.8327,493695.682,506772.1106,520368.555,534237.8672,548262.3693,562322.8669,576293.6095,590258.1635,604298.8641,618111.882,632112.1623,645634.6633
32090.76,32998.22402,33885.10159,34775.80164,35696.90202,36654.6322,37631.58312,38619.46557,39609.88354,40593.97919,41577.63891,42566.66238,43539.64792,44525.8242,45478.34581
328926.49,337807.9142,346722.9084,355753.8725,364991.8891,374496.046,384198.2266,394031.3516,403927.9169,413818.6071,423749.5488,433766.5488,443750.9237,453783.2323,463644.6511
9505569.3,9790027.42,10068564.84,10348478.43,10637716.5,10938227.52,11244786.02,11554825.43,11865747.13,12174813.85,12483844.78,12794633.07,13100675.69,13410669.28,13710472.33
381139.68,392599.9174,403837.5843,415136.0289,426803.9938,438919.8507,451280.0208,463782.057,476322.2616,488791.5364,501262.3918,513806.3273,526167.5132,538682.3639,550797.4214
357634.88,367815.3011,377764.7724,387757.1263,398090.5276,408834.8617,419794.8244,430877.4229,441988.4663,453028.5824,464063.8081,475159.2073,486074.6844,497138.1422,507824.0438
687789.55,708806.1567,729345.9872,749974.3453,771306.7664,793487.523,816113.4263,838992.501,861930.2974,884721.6708,907502.9483,930408.4486,952942.5154,975782.0755,997842.2035
193442.89,199353.873,205130.7612,210932.5481,216932.3548,223170.7584,229534.3608,235969.1684,242420.4917,248830.633,255237.9349,261680.1748,268017.9479,274441.6419,280646.1183
0,0,0,0,0,0,0,0,0,0,0,0,0,0,0
23419666.88,24141639.07,24845957.88,25552891.72,26284502.62,27045756.89,27822249.31,28607308.84,29394176.1,30175709.61,30956654.82,31741685.35,32513281.79,33295812.93,34050708.98
354.95,365.8993035,376.5808878,387.302134,398.3976249,409.9426785,421.7188315,433.6249127,445.5584111,457.4110209,469.2547104,481.1603582,492.8622717,504.7300159,516.1786571
150164.54,153924.4504,157719.9956,161571.7961,165503.0049,169538.4654,173658.6614,177836.4755,182044.6672,186255.4757,190487.3821,194758.7797,199027.6982,203309.5117,207533.425
23087.15,23695.29786,24309.20948,24932.22014,25568.07473,26220.79152,26887.21389,27562.95572,28243.61098,28924.68951,29609.1805,30300.05903,30990.53657,31683.09982,32366.29798
78087.55,78194.34489,78298.71706,78403.53908,78511.93877,78624.64923,78739.62168,78855.88062,78972.43794,79088.25122,79204.0132,79320.40641,79434.9122,79550.97034,79663.06784
55207.21,56502.79758,57774.29551,59053.02271,60373.11175,61743.41404,63141.38128,64555.49585,65974.10157,67384.94404,68796.16826,70215.80732,71615.35353,73031.90146,74403.9754
0.01,0.01,0.01,0.01,0.01,0.01,0.01,0.01,0.01,0.01,0.01,0.01,0.01,0.01,0.01
27978.68,27978.68,27978.68,27978.68,27978.68,27978.68,27978.68,27978.68,27978.68,27978.68,27978.68,27978.68,27978.68,27978.68,27978.68
110809.19,113728.0561,116674.5858,119664.7873,122716.6345,125849.4136,129047.9739,132291.2639,135558.1364,138827.0404,142112.3228,145428.2629,148742.2784,152066.3044,155345.3817
23611.32,23611.57377,23611.82334,23612.07452,23612.33358,23612.60228,23612.87642,23613.15377,23613.43209,23613.70902,23613.98612,23614.26494,23614.54011,23614.81843,23615.08839
751555.16,754573.3763,757541.6949,760528.9343,763610.1358,766805.87,770066.3151,773365.0112,776675.1925,779968.7707,783264.4167,786580.5543,789853.1747,793163.254,796373.9215
338960.17,349009.9962,358893.6765,368840.3581,379099.9074,389740.8189,400597.1998,411580.9463,422602.9349,433569.6401,444543.2302,455585.052,466481.9733,477503.6226,488194.2577
4097759.96,4216963.668,4334671.174,4453284.541,4575426.27,4701904.993,4830959.462,4961573.009,5092718.128,5223320.567,5354094.537,5485745.576,5615928.914,5747427.838,5875320.458
94645.41,97398.64141,100117.3152,102856.9116,105678.0021,108599.2635,111580.0166,114596.7794,117625.8199,120642.3262,123662.7944,126703.5201,129710.3465,132747.5587,135701.4768
533527.67,549047.9732,564373.471,579816.9119,595719.7449,612187.2539,628990.1244,645995.9867,663071.0596,680075.4756,697102.225,714243.1687,731193.0178,748314.156,764965.7541
11778662.79,11796962.14,11814771.95,11832633.98,11851137.68,11870409.27,11890065.31,11909934.21,11929842.02,11949604.6,11969344.31,11989181.55,12008656.03,12028422.19,12047459.52
308071.86,308071.86,308071.86,308071.86,308071.86,308071.86,308071.86,308071.86,308071.86,308071.86,308071.86,308071.86,308071.86,308071.86,308071.86
7541852.86,7631363.826,7719022.956,7807118.884,7898144.639,7992713.256,8089185.315,8186753.868,8284601.899,8381868.902,8479126.766,8576939.231,8673264.312,8770828.773,8865194.136
3633564.13,3663901.181,3694093.683,3724595.677,3755904.698,3788224.653,3821210.086,3854616.378,3888196.773,3921695.339,3955282.301,3989126.206,4022721.548,4056570.131,4089660.204
3627644.36,3700666.126,3774343.237,3849100.618,3925414.335,4003767.167,4083764.113,4164876.325,4246572.47,4328310.689,4410451.696,4493354.426,4576189.582,4659287.854,4741236.877
1972773.41,2025029.982,2077684.136,2131087.5,2185632.11,2241664.027,2298869.512,2356865.838,2415268.31,2473683.88,2532374.173,2591599.383,2650738.464,2710090.495,2768571.942
25492.42,26169.35284,26851.43596,27543.22437,28249.7965,28975.63525,29716.67642,30467.96216,31224.50913,31981.22577,32741.50118,33508.70591,34274.79493,35043.6425,35801.21251
239701.58,244914.2997,250051.3098,255224.4965,260555.9344,266081.0668,271718.4017,277422.8666,283148.8873,288848.7274,294554.1212,300296.4007,305969.0596,311702.7987,317271.9034
39220.97,40384.01155,41519.06185,42658.47414,43837.46723,45064.03788,46315.17484,47580.15832,48848.12736,50107.61063,51366.23087,52631.49605,53875.3564,55136.67736,56353.78171
0,0,0,0,0,0,0,0,0,0,0,0,0,0,0
364380.4,364480.591,364579.3268,364678.7579,364781.2307,364887.4264,364995.7787,365105.4213,365215.4782,365325.0319,365434.6923,365545.0617,365654.0929,365764.2981,365871.339
197819.1,202733.7882,207577.0955,212454.511,217481.1299,222690.3689,228005.3956,233383.714,238782.3559,244156.3139,249535.5081,254949.4792,260297.8101,265703.7291,270954.4264
3790.5,3901.80535,4011.494108,4121.955335,4235.79564,4353.771831,4474.143846,4595.949261,4718.214953,4839.921619,4961.746874,5084.359738,5205.486022,5327.916526,5446.831655
199190.59,204476.8537,209627.9462,214796.2096,220147.4341,225718.0303,231399.9505,237143.9962,242900.3063,248616.1539,254326.5741,260066.0625,265704.0586,271424.1604,276937.9313
903580.27,921858.7339,939929.151,958145.6161,976894.8842,996300.7787,1016102.534,1036145.534,1056273.558,1076323.461,1096403.716,1116621.511,1136625.56,1156823.957,1176483.785
158779.43,163431.1124,168017.4852,172636.8935,177396.6539,182328.3771,187360.3216,192452.4004,197564.0851,202652.9432,207747.1837,212874.6614,217941.2027,223061.4728,228036.3458
903545.1,929650.4212,955465.821,981492.2168,1008276.787,1035996.318,1064281.521,1092912.006,1121665.106,1150308.353,1178996.314,1207881.739,1236465.708,1265324.753,1293419.477
242369.67,236772.3424,231287.7509,225774.8217,220079.8628,214164.5643,208130.1099,202026.777,195905.4643,189819.7549,183734.0367,177613.2006,171583.7536,165477.8631,159569.9541
2568320.69,2645528.07,2721239.627,2797361.855,2875972.136,2957598.43,3040870.811,3125099.309,3209585.545,3293594.792,3377615.375,3462128.816,3545412.996,3629731.159,3711358.372
325999.3,334188.5504,342331.3314,350555.1678,358999.7224,367720.0976,376619.7996,385632.3498,394690.6735,403725.1336,412782.0445,421907.2515,430961.4201,440086.5215,449001.8463
-54196.17,-54196.17,-54196.17,-54196.17,-54196.17,-54196.17,-54196.17,-54196.17,-54196.17,-54196.17,-54196.17,-54196.17,-54196.17,-54196.17,-54196.17
2770292.32,2846451.874,2921456.417,2996973.18,3074820.855,3155517.672,3237851.747,3321161.631,3404778.422,3488001.062,3571295.588,3655122.049,3737905.479,3821598.184,3902852.576
949881.88,972867.5995,995563.827,1018434.401,1041985.717,1066373.71,1091258.336,1116443.494,1141730.992,1166913.612,1192129.122,1217513.615,1242614.574,1267969.554,1292628.477
92144.66,92826.59183,93498.18171,94174.35801,94871.40526,95593.9637,96331.18213,97077.13794,97825.84181,98571.01644,99316.83474,100067.416,100808.6579,101558.0415,102285.5925
326705.62,326705.62,326705.62,326705.62,326705.62,326705.62,326705.62,326705.62,326705.62,326705.62,326705.62,326705.62,326705.62,326705.62,326705.62
44734.77,44734.77,44734.77,44734.77,44734.77,44734.77,44734.77,44734.77,44734.77,44734.77,44734.77,44734.77,44734.77,44734.77,44734.77
1755370.14,1758993.183,1762600.486,1766245.261,1769985.829,1773846.53,1777786.771,1781777.43,1785789.131,1789791.422,1793804.559,1797848.6,1801863.761,1805908.64,1809863.961
